date,9,temp,wind_speed,humidity,pressure
2017-05-07,17.0,13.9,15.8,72.46,914.74
2017-05-08,17.0,16.4,10.8,60.54,913.49
2017-05-09,17.0,17.9,15.3,52.08,912.98
2017-05-10,17.0,19.1,9.0,48.75,911.27
2017-05-11,17.0,17.9,23.2,54.42,915.86
2017-05-12,17.0,19.5,11.1,45.25,915.64
2017-05-13,41.0,21.0,8.3,37.71,912.55
2017-05-14,22.0,21.6,11.9,43.75,907.39
2017-05-15,10.0,22.6,32.8,42.92,906.41
2017-05-16,13.0,21.2,20.0,52.0,906.55
2017-05-17,22.0,17.5,8.4,73.67,908.43
2017-05-18,14.0,15.3,12.2,83.42,909.9
2017-05-19,37.0,12.4,8.7,79.58,917.59
2017-05-20,37.0,14.3,7.5,57.83,916.09
2017-05-21,35.0,17.6,9.0,55.67,910.76
2017-05-22,23.0,19.8,8.9,53.38,906.53
2017-05-23,7.0,22.7,16.4,41.0,910.95
2017-05-24,8.0,19.9,10.8,66.33,913.35
2017-05-25,10.0,21.2,21.1,52.0,911.03
2017-05-26,9.0,17.7,12.1,69.96,913.78
2017-05-27,11.0,19.1,11.7,51.75,912.22
2017-05-28,10.0,20.2,13.7,46.08,910.75
2017-05-29,8.0,21.1,15.5,46.08,909.05
2017-05-30,8.0,17.7,16.7,63.79,913.55
2017-05-31,14.0,15.6,7.4,59.42,915.28
2017-06-01,17.0,17.8,8.2,54.75,910.98
2017-06-02,10.0,18.3,14.1,46.12,910.39
2017-06-03,12.0,20.0,14.8,40.79,908.77
2017-06-04,18.0,20.0,15.3,48.58,910.38
2017-06-05,7.0,16.4,13.3,79.5,915.69
2017-06-06,10.0,16.9,19.4,65.25,910.45
2017-06-07,5.0,15.1,18.0,57.33,916.51
2017-06-08,15.0,16.4,14.7,48.71,912.15
2017-06-09,12.0,19.7,16.1,43.79,906.99
2017-06-10,10.0,21.0,18.5,47.83,904.94
2017-06-11,18.0,16.3,13.9,66.67,911.77
2017-06-12,23.0,19.0,6.5,64.04,908.63
2017-06-13,16.0,21.9,15.7,54.42,907.88
2017-06-14,10.0,23.5,16.0,49.75,908.2
2017-06-15,10.0,22.6,29.6,51.04,909.61
2017-06-16,17.0,21.2,25.9,60.62,908.02
2017-06-17,14.0,23.2,17.9,44.92,907.79
2017-06-18,11.0,24.1,14.9,44.12,908.05
2017-06-19,11.0,23.8,11.9,48.08,906.97
2017-06-20,14.0,23.1,18.2,48.62,905.68
2017-06-21,17.0,24.0,22.6,43.62,904.28
2017-06-22,14.0,25.1,12.3,41.96,904.37
2017-06-23,12.0,26.5,17.1,36.46,904.66
2017-06-24,8.0,22.9,13.5,54.79,908.13
2017-06-25,10.0,20.1,8.4,64.71,909.99
2017-06-26,9.0,22.4,11.2,50.83,908.92
2017-06-27,9.0,21.2,14.1,56.67,910.34
2017-06-28,11.0,18.3,10.9,71.62,912.08
2017-06-29,11.0,18.9,11.9,64.46,910.52
2017-06-30,16.0,21.0,6.6,53.79,907.18
2017-07-01,18.0,23.5,10.5,42.46,907.04
2017-07-02,13.0,25.4,10.8,37.33,909.08
2017-07-03,18.0,25.8,8.2,37.58,909.47
2017-07-04,15.0,25.7,8.6,34.38,906.24
2017-07-05,20.0,26.8,11.5,35.0,904.9
2017-07-06,18.0,26.9,8.4,34.96,909.82
2017-07-07,20.0,27.6,8.4,34.92,907.12
2017-07-08,17.0,29.1,7.6,35.17,905.81
2017-07-09,14.0,29.7,16.6,34.83,905.92
2017-07-10,20.0,28.3,18.8,33.88,908.51
2017-07-11,45.0,26.6,8.8,37.96,907.15
2017-07-12,23.0,25.2,15.0,40.38,905.58
2017-07-13,12.0,20.6,11.7,62.42,906.05
2017-07-14,8.0,21.2,7.9,50.75,908.7
2017-07-15,22.0,21.0,9.0,50.71,911.83
2017-07-16,19.0,21.5,7.6,53.38,909.81
2017-07-17,12.0,21.7,11.8,49.38,910.89
2017-07-18,12.0,22.6,13.0,39.88,912.09
2017-07-19,11.0,23.2,16.0,37.96,911.08
2017-07-20,17.0,22.2,10.6,42.04,910.16
2017-07-21,21.0,23.8,7.5,35.29,909.86
2017-07-22,18.0,24.4,7.1,35.12,910.13
2017-07-23,18.0,25.0,6.9,36.92,908.54
2017-07-24,15.0,25.5,9.1,36.25,907.62
2017-07-25,15.0,26.2,13.4,30.46,905.38
2017-07-26,15.0,28.0,15.3,29.33,904.48
2017-07-27,15.0,28.8,15.6,26.62,904.78
2017-07-28,18.0,28.9,10.5,24.17,908.13
2017-07-29,22.0,27.8,9.6,31.46,908.83
2017-07-30,26.0,26.5,13.8,32.71,908.78
2017-07-31,15.0,26.1,9.0,30.29,908.63
2017-08-01,20.0,26.4,7.9,30.67,908.22
2017-08-02,23.0,24.7,7.9,32.79,908.32
2017-08-03,32.0,25.5,18.6,35.5,905.68
2017-08-04,16.0,22.8,10.0,45.21,906.94
2017-08-05,11.0,22.7,12.6,46.29,911.06
2017-08-06,17.0,24.8,10.2,36.88,912.38
2017-08-07,23.0,25.7,7.4,41.17,911.9
2017-08-08,17.0,27.0,10.0,30.21,911.57
2017-08-09,23.0,27.1,8.2,32.88,907.39
2017-08-10,11.0,26.2,12.8,32.75,903.18
2017-08-11,12.0,21.7,18.9,50.17,904.32
2017-08-12,24.0,15.6,14.3,73.12,911.61
2017-08-13,39.0,16.7,9.9,63.58,910.95
2017-08-14,47.0,18.5,7.2,55.04,909.3
2017-08-15,24.0,19.8,10.1,47.04,908.53
2017-08-16,16.0,21.1,14.4,41.42,908.58
2017-08-17,19.0,19.0,11.0,51.17,911.52
2017-08-18,19.0,18.4,8.7,49.79,915.18
2017-08-19,29.0,19.5,4.7,39.29,913.74
2017-08-20,19.0,19.3,9.4,39.71,915.15
2017-08-21,14.0,17.6,8.3,35.71,915.4
2017-08-22,13.0,17.7,9.0,36.96,912.88
2017-08-23,9.0,17.8,9.0,33.67,914.35
2017-08-24,12.0,18.9,14.9,32.83,915.19
2017-08-25,14.0,19.9,9.5,39.79,912.97
2017-08-26,22.0,20.3,8.3,37.38,911.87
2017-08-27,18.0,21.7,9.9,30.42,910.45
2017-08-28,15.0,23.4,8.2,27.88,910.08
2017-08-29,19.0,23.6,11.2,29.12,911.41
2017-08-30,17.0,23.7,9.7,27.67,912.72
2017-08-31,15.0,23.9,7.4,27.75,911.32
2017-09-01,20.0,24.4,12.3,23.08,910.67
2017-09-02,20.0,24.0,12.3,23.46,910.69
2017-09-03,26.0,23.3,9.0,30.12,910.41
2017-09-04,30.0,24.5,8.6,24.88,908.67
2017-09-05,18.0,24.4,22.9,28.25,910.1
2017-09-06,15.0,25.5,15.7,20.62,907.59
2017-09-07,17.0,22.0,14.9,33.38,910.27
2017-09-08,18.0,22.0,8.4,33.42,912.43
2017-09-09,25.0,22.2,18.7,36.5,911.35
2017-09-10,24.0,23.2,9.1,28.0,909.32
2017-09-11,16.0,21.8,8.0,37.21,912.2
2017-09-12,13.0,18.8,18.5,38.54,916.25
2017-09-13,14.0,13.2,11.8,36.12,918.19
2017-09-14,29.0,13.3,9.3,40.58,916.89
2017-09-15,32.0,18.2,7.3,37.71,916.22
2017-09-16,43.0,20.3,7.0,32.29,915.32
2017-09-17,30.0,19.5,9.7,37.25,914.66
2017-09-18,21.0,21.4,8.7,30.46,914.86
2017-09-19,20.5,21.4,9.8,28.25,916.43
2017-09-20,20.0,18.3,8.4,31.83,917.22
2017-09-21,20.0,16.2,9.2,34.21,912.36
2017-09-22,14.0,19.0,8.9,29.42,910.93
2017-09-23,21.666666666666668,18.0,18.7,37.29,911.54
2017-09-24,29.333333333333336,8.6,8.9,54.04,918.38
2017-09-25,37.0,7.6,14.8,36.29,917.19
2017-09-26,23.0,12.8,11.0,28.54,914.03
2017-09-27,23.0,16.5,11.0,33.88,912.52
2017-09-28,17.0,11.4,17.3,48.67,913.18
2017-09-29,21.0,6.4,10.2,78.96,915.57
2017-09-30,24.0,4.6,12.1,74.92,921.93
2017-10-01,39.0,6.2,10.2,62.5,920.74
2017-10-02,35.0,10.7,13.5,53.29,911.06
2017-10-03,24.0,12.4,15.3,55.67,908.7
2017-10-04,19.0,5.3,13.7,88.54,914.62
2017-10-05,25.0,5.0,10.2,67.58,919.23
2017-10-06,42.0,4.0,10.2,64.21,921.88
2017-10-07,48.0,3.3,9.9,67.67,923.49
2017-10-08,52.0,5.7,10.1,56.54,924.06
2017-10-09,47.0,6.3,15.5,59.21,917.8
2017-10-10,52.0,8.3,12.6,53.38,916.15
2017-10-11,56.0,10.3,12.9,49.33,913.98
2017-10-12,30.0,14.3,6.5,36.12,913.61
2017-10-13,27.0,14.6,10.2,30.62,913.64
2017-10-14,43.0,14.1,17.0,35.04,910.98
2017-10-15,37.0,14.9,8.7,39.38,914.14
2017-10-16,50.0,14.9,9.1,40.75,910.98
2017-10-17,34.0,15.0,13.0,38.92,910.8
2017-10-18,15.0,9.7,30.7,58.67,911.94
2017-10-19,19.0,7.6,14.1,57.83,920.36
2017-10-20,25.0,10.3,12.0,55.17,920.61
2017-10-21,49.0,10.7,9.5,49.46,910.15
2017-10-22,36.0,12.6,11.1,41.0,914.3
2017-10-23,33.0,12.1,6.8,40.0,910.75
2017-10-24,43.0,12.0,10.2,42.25,916.59
2017-10-25,44.0,8.1,8.9,68.0,921.17
2017-10-26,37.0,3.2,11.2,58.46,922.49
2017-10-27,53.0,6.7,11.2,51.17,914.98
2017-10-28,34.0,13.3,9.8,34.42,914.46
2017-10-29,56.0,11.4,9.8,40.54,916.03
2017-10-30,44.0,13.4,18.4,40.92,912.71
2017-10-31,25.0,17.5,20.3,35.79,909.9
2017-11-01,38.0,16.6,12.6,33.0,911.91
2017-11-02,35.0,15.8,10.7,31.96,912.0
2017-11-03,29.0,14.6,16.3,43.33,915.86
2017-11-04,31.0,6.4,7.1,95.29,921.38
2017-11-05,51.0,6.5,9.8,80.04,920.4
2017-11-06,45.0,8.2,10.8,75.17,916.97
2017-11-07,21.0,7.1,13.3,83.62,919.98
2017-11-08,39.0,4.6,10.1,81.33,922.17
2017-11-09,17.0,6.3,6.9,55.5,915.55
2017-11-10,22.0,3.3,6.7,88.62,919.87
2017-11-11,47.0,1.3,10.6,86.25,921.97
2017-11-12,68.0,0.3,19.1,75.96,915.82
2017-11-13,56.0,2.9,12.9,56.42,911.98
2017-11-14,30.0,8.0,5.2,26.12,912.73
2017-11-15,34.0,5.1,6.1,56.92,915.21
2017-11-16,36.0,1.4,7.6,81.29,921.33
2017-11-17,38.0,1.2,9.7,67.08,920.92
2017-11-18,35.0,1.8,10.8,39.42,916.79
2017-11-19,39.0,-1.1,9.1,68.33,927.48
2017-11-20,48.0,-3.0,9.9,72.92,925.58
2017-11-21,66.0,-0.7,10.5,55.33,922.5
2017-11-22,61.0,0.9,11.5,35.42,917.37
2017-11-23,43.0,1.8,11.5,24.5,912.35
2017-11-24,37.0,2.8,13.3,21.71,910.95
2017-11-25,24.0,7.2,5.6,11.25,910.62
2017-11-26,34.0,5.6,10.0,43.46,916.02
2017-11-27,33.0,0.7,9.8,82.29,922.92
2017-11-28,56.0,-2.1,9.4,96.21,919.11
2017-11-29,75.0,-0.1,10.5,75.54,916.98
2017-11-30,51.0,-1.2,7.9,75.62,919.12
2017-12-01,62.0,-1.8,12.4,84.29,916.84
2017-12-02,50.0,-2.5,15.5,85.12,921.02
2017-12-03,40.0,-4.3,15.6,81.17,926.46
2017-12-04,47.0,-5.4,14.7,78.33,925.37
2017-12-05,73.0,-7.2,11.4,82.58,922.22
2017-12-06,66.0,-7.6,10.6,85.67,921.08
2017-12-07,100.0,-6.1,11.8,76.71,918.1
2017-12-08,86.0,-0.8,16.3,50.29,907.23
2017-12-09,29.0,0.8,15.1,63.38,910.8
2017-12-10,26.0,-5.2,18.2,76.58,920.58
2017-12-11,38.0,-4.8,12.3,60.92,917.4
2017-12-12,105.0,-5.6,16.0,67.29,917.15
2017-12-13,111.0,-7.0,12.6,71.42,921.12
2017-12-14,77.0,-7.3,15.7,71.46,922.44
2017-12-15,85.0,-6.3,18.8,65.67,922.05
2017-12-16,99.0,-3.6,13.4,51.04,921.56
2017-12-17,69.0,-2.0,7.6,41.5,923.28
2017-12-18,80.0,-2.3,13.4,41.21,921.38
2017-12-19,88.0,-0.0,11.2,35.54,918.19
2017-12-20,38.0,0.4,14.2,48.21,918.32
2017-12-21,76.0,-1.8,6.6,90.0,924.42
2017-12-22,102.0,-2.7,9.2,78.33,924.7
2017-12-23,50.0,-0.9,11.9,56.46,917.01
2017-12-24,35.0,2.8,7.5,28.12,911.6
2017-12-25,24.0,2.9,10.9,36.92,902.6
2017-12-26,27.0,0.2,11.9,79.67,907.78
2017-12-27,16.0,-3.2,33.6,68.38,921.55
2017-12-28,33.0,-3.0,9.4,67.38,931.28
2017-12-29,50.0,-2.9,17.7,66.25,924.13
2017-12-30,52.0,-3.9,12.8,60.58,920.56
2017-12-31,100.0,-6.4,13.0,68.29,920.59
2018-01-01,136.0,-7.5,12.9,62.04,920.95
2018-01-02,79.0,-8.1,13.0,47.29,918.68
2018-01-03,86.0,-9.5,17.4,49.12,910.95
2018-01-04,77.25,-11.1,16.1,42.67,912.37
2018-01-05,68.5,-11.3,12.3,44.38,916.02
2018-01-06,59.75,-12.3,14.6,46.38,914.24
2018-01-07,51.0,-8.3,16.7,36.12,915.67
2018-01-08,58.0,-1.5,6.3,59.54,918.64
2018-01-09,49.0,-1.7,7.8,52.83,921.61
2018-01-10,47.0,-1.1,8.2,41.04,914.39
2018-01-11,27.0,-2.9,19.8,60.04,918.8
2018-01-12,75.0,-7.3,12.1,70.83,919.6
2018-01-13,91.0,-6.8,10.1,73.08,912.16
2018-01-14,84.0,-6.8,11.2,89.12,916.85
2018-01-15,55.0,-6.9,9.3,87.79,915.85
2018-01-16,117.0,-11.7,17.2,86.21,916.06
2018-01-17,135.0,-10.8,17.9,81.08,916.59
2018-01-18,108.0,-11.4,17.5,74.42,916.63
2018-01-19,58.0,-6.9,13.0,55.12,915.04
2018-01-20,122.0,-2.5,8.8,46.71,916.95
2018-01-21,92.0,-7.0,13.7,62.33,911.68
2018-01-22,91.0,-10.2,14.8,70.29,913.42
2018-01-23,89.0,-15.4,24.1,69.42,917.9
2018-01-24,93.0,-21.4,25.8,62.21,918.15
2018-01-25,113.0,-23.8,24.9,61.96,919.95
2018-01-26,80.0,-25.7,20.1,65.46,921.45
2018-01-27,83.16666666666667,-26.1,23.9,64.12,923.01
2018-01-28,86.33333333333333,-23.8,25.5,64.29,924.95
2018-01-29,89.5,-19.9,28.1,62.67,923.17
2018-01-30,92.66666666666667,-12.3,25.4,61.5,918.0
2018-01-31,95.83333333333333,-10.4,16.5,62.29,913.34
2018-02-01,99.0,-7.0,9.2,58.92,918.4
2018-02-02,82.0,-7.8,16.0,61.79,912.97
2018-02-03,49.0,-3.4,10.7,75.21,920.7
2018-02-04,85.0,-7.2,7.4,90.62,924.11
2018-02-05,80.0,-8.5,17.5,81.54,915.88
2018-02-06,40.0,-8.8,13.4,67.33,917.66
2018-02-07,59.0,-10.1,10.5,71.38,926.1
2018-02-08,82.0,-11.0,17.9,82.46,927.68
2018-02-09,110.0,-10.4,24.2,69.96,917.02
2018-02-10,62.0,-7.7,17.0,53.79,910.65
2018-02-11,65.5,-5.9,14.2,55.83,913.58
2018-02-12,69.0,-4.6,12.7,57.46,910.35
2018-02-13,58.0,-2.1,11.5,52.79,907.27
2018-02-14,47.0,-0.1,12.7,67.21,908.13
2018-02-15,68.0,-2.9,8.2,92.42,916.22
2018-02-16,72.0,-6.7,8.5,89.46,925.26
2018-02-17,101.0,-5.9,6.4,88.33,923.79
2018-02-18,69.0,-8.1,7.3,91.75,921.09
2018-02-19,63.0,-10.2,11.5,85.88,922.25
2018-02-20,70.0,-8.0,20.0,68.08,910.71
2018-02-21,45.0,-1.2,13.4,67.96,912.48
2018-02-22,80.0,-0.3,7.1,93.04,916.88
2018-02-23,74.0,0.9,8.8,81.25,911.04
2018-02-24,54.0,3.3,10.1,51.46,910.03
2018-02-25,93.0,0.5,9.7,80.21,912.83
2018-02-26,75.0,2.5,9.2,70.96,907.75
2018-02-27,38.0,3.9,13.5,79.5,910.12
2018-02-28,22.0,6.1,9.7,58.75,911.72
2018-03-01,57.0,4.8,8.7,79.71,907.75
2018-03-02,45.0,0.4,6.9,98.21,909.05
2018-03-03,47.0,0.0,10.0,85.42,913.63
2018-03-04,18.0,3.5,18.6,52.46,908.65
2018-03-05,19.0,4.8,9.8,66.58,913.1
2018-03-06,20.0,7.8,12.6,33.46,909.39
2018-03-07,21.0,2.9,10.6,86.17,916.27
2018-03-08,22.0,2.5,14.7,78.54,913.68
2018-03-09,23.0,7.2,12.2,51.96,905.37
2018-03-10,24.0,10.4,11.7,46.5,903.23
2018-03-11,28.0,9.7,13.0,62.17,905.98
2018-03-12,27.0,5.1,11.5,92.88,912.41
2018-03-13,30.0,2.7,8.9,93.0,910.21
2018-03-14,24.0,3.1,7.9,90.17,912.11
2018-03-15,31.0,0.2,12.6,88.42,912.72
2018-03-16,23.0,-0.7,11.7,83.62,914.84
2018-03-17,36.0,-0.6,12.2,74.33,917.97
2018-03-18,40.0,3.4,15.8,52.83,912.36
2018-03-19,50.0,9.4,9.8,46.46,911.57
2018-03-20,50.0,12.2,11.0,51.0,915.43
2018-03-21,41.0,13.0,8.0,52.54,910.3
2018-03-22,43.0,13.8,7.6,40.0,906.16
2018-03-23,22.0,9.8,9.7,72.25,911.12
2018-03-24,15.0,8.6,20.0,65.12,913.95
2018-03-25,32.0,13.1,13.1,52.33,912.26
2018-03-26,19.0,13.1,14.7,57.04,914.45
2018-03-27,18.0,8.1,8.6,76.96,914.55
2018-03-28,18.0,7.6,8.1,77.33,914.91
2018-03-29,14.0,9.2,13.8,66.25,914.15
2018-03-30,14.0,12.8,15.8,53.25,911.11
2018-03-31,18.0,16.2,14.0,53.46,905.7
2018-04-01,36.0,1.0,17.5,95.38,918.46
2018-04-02,42.0,3.0,8.6,70.67,920.85
2018-04-03,43.0,5.1,12.7,59.88,920.63
2018-04-04,36.0,5.6,17.2,56.54,918.85
2018-04-05,49.0,10.3,10.9,48.62,912.29
2018-04-06,48.0,14.6,10.6,42.83,910.69
2018-04-07,31.0,11.9,10.3,61.12,913.44
2018-04-08,16.0,7.4,16.3,74.88,917.81
2018-04-09,22.0,8.8,7.6,61.92,913.25
2018-04-10,14.0,8.1,11.6,70.96,916.4
2018-04-11,6.0,3.9,9.2,75.79,923.73
2018-04-12,39.0,6.5,10.4,59.79,918.18
2018-04-13,19.0,12.3,12.8,41.42,909.31
2018-04-14,21.0,14.2,8.2,38.96,906.39
2018-04-15,29.0,16.6,11.0,36.62,906.88
2018-04-16,17.0,10.3,9.2,76.71,912.46
2018-04-17,23.0,11.7,9.6,70.21,910.26
2018-04-18,11.0,6.8,20.8,80.0,915.88
2018-04-19,13.0,7.2,7.0,61.5,916.06
2018-04-20,34.0,9.6,14.7,53.92,913.4
2018-04-21,32.0,12.1,7.8,52.83,910.56
2018-04-22,20.0,15.7,10.0,35.12,910.04
2018-04-23,14.0,16.7,11.5,44.79,910.64
2018-04-24,20.0,19.1,23.7,45.33,907.25
2018-04-25,15.0,12.8,10.1,73.17,916.49
2018-04-26,16.0,9.7,8.9,87.04,920.51
2018-04-27,27.0,10.8,7.0,67.71,919.87
2018-04-28,21.0,14.8,7.3,45.12,919.34
2018-04-29,32.0,19.4,13.6,33.46,913.7
2018-04-30,13.0,19.9,16.8,34.83,908.35
2018-05-01,8.0,12.8,20.5,71.67,915.54
2018-05-02,6.0,12.4,7.3,61.67,920.36
2018-05-03,14.0,12.4,9.5,57.21,919.28
2018-05-04,20.0,12.6,7.7,59.54,916.43
2018-05-05,14.0,15.7,15.6,50.75,910.81
2018-05-06,13.0,10.1,15.3,63.96,911.46
2018-05-07,18.0,8.1,11.8,55.04,917.88
2018-05-08,27.0,13.0,7.9,42.25,910.12
2018-05-09,10.0,16.2,10.2,40.08,909.41
2018-05-10,14.0,17.5,10.1,40.0,909.9
2018-05-11,7.0,22.1,12.5,44.88,904.32
2018-05-12,12.0,20.3,18.2,57.54,904.42
2018-05-13,17.0,16.9,10.1,74.62,906.53
2018-05-14,30.0,13.2,10.5,86.5,908.76
2018-05-15,19.0,14.0,7.8,73.0,910.04
2018-05-16,13.0,16.0,9.5,56.5,909.91
2018-05-17,10.0,16.5,13.3,53.38,910.59
2018-05-18,7.0,15.7,17.1,50.58,911.13
2018-05-19,16.0,14.3,7.1,54.83,914.38
2018-05-20,21.0,12.8,9.7,53.38,918.25
2018-05-21,19.0,14.0,7.4,54.0,916.25
2018-05-22,8.0,17.5,9.2,45.08,912.18
2018-05-23,16.0,14.1,26.9,58.46,911.48
2018-05-24,12.0,8.8,9.6,59.21,921.01
2018-05-25,15.0,14.8,11.1,47.75,916.17
2018-05-26,21.0,18.0,9.2,50.79,909.65
2018-05-27,13.0,20.6,11.6,47.25,904.78
2018-05-28,6.0,11.1,15.8,63.96,914.56
2018-05-29,13.0,13.9,10.7,55.12,911.01
2018-05-30,10.0,16.3,20.7,41.71,909.95
2018-05-31,7.0,13.7,17.7,51.79,916.12
2018-06-01,15.0,17.6,7.9,53.38,911.34
2018-06-02,8.0,21.4,16.6,50.96,908.34
2018-06-03,23.0,14.4,14.0,82.12,914.25
2018-06-04,31.0,13.8,7.5,81.38,913.63
2018-06-05,18.0,18.1,5.8,61.71,915.28
2018-06-06,12.0,20.9,7.1,48.29,914.14
2018-06-07,7.0,21.8,13.8,50.75,910.77
2018-06-08,27.0,20.6,12.2,53.04,906.79
2018-06-09,12.0,20.1,11.8,55.29,906.35
2018-06-10,14.0,22.0,8.6,51.04,905.52
2018-06-11,7.0,19.6,17.2,62.71,905.7
2018-06-12,6.0,20.6,9.2,54.42,906.43
2018-06-13,9.0,22.0,13.0,43.96,905.23
2018-06-14,12.0,20.4,16.4,47.42,907.71
2018-06-15,12.0,17.5,15.4,67.29,908.16
2018-06-16,21.0,17.1,8.2,64.79,911.22
2018-06-17,28.0,20.1,9.3,47.46,904.45
2018-06-18,25.0,22.3,10.6,38.67,903.12
2018-06-19,27.0,23.1,16.2,39.92,904.8
2018-06-20,15.0,21.2,18.2,46.92,908.06
2018-06-21,7.0,21.1,10.5,44.83,911.07
2018-06-22,7.0,21.8,13.0,37.62,907.88
2018-06-23,12.0,23.8,24.6,31.75,905.6
2018-06-24,8.0,21.8,20.1,46.12,905.75
2018-06-25,5.0,20.5,15.1,45.58,908.42
2018-06-26,8.0,19.6,13.4,47.5,908.03
2018-06-27,12.0,21.1,12.4,44.54,906.71
2018-06-28,20.0,22.3,11.3,49.58,906.31
2018-06-29,18.0,23.0,9.7,42.42,906.69
2018-06-30,13.0,24.2,15.5,39.5,907.28
2018-07-01,11.0,24.9,14.2,35.88,906.28
2018-07-02,8.0,23.8,20.9,38.25,905.59
2018-07-03,7.0,19.3,16.2,62.96,907.9
2018-07-04,22.0,19.9,7.3,59.0,908.98
2018-07-05,21.0,21.4,6.6,48.5,908.94
2018-07-06,17.0,22.6,7.4,46.46,908.64
2018-07-07,21.0,24.6,8.7,40.96,906.6
2018-07-08,13.0,26.7,13.3,34.25,906.61
2018-07-09,6.0,27.1,10.2,29.88,905.35
2018-07-10,15.0,28.5,14.3,27.04,905.28
2018-07-11,11.0,27.1,14.1,33.0,905.28
2018-07-12,6.0,24.7,13.3,41.75,905.85
2018-07-13,10.0,24.4,17.3,36.33,904.27
2018-07-14,13.0,25.4,19.4,36.67,904.08
2018-07-15,9.0,25.3,10.0,41.67,902.95
2018-07-16,9.0,25.7,18.2,39.29,901.83
2018-07-17,9.0,23.8,17.3,50.12,903.75
2018-07-18,18.0,24.2,7.1,43.79,907.45
2018-07-19,20.0,23.5,6.4,35.0,907.35
2018-07-20,30.0,22.9,8.4,38.62,904.92
2018-07-21,25.0,24.8,9.5,37.38,905.36
2018-07-22,22.0,27.4,10.7,31.0,903.05
2018-07-23,14.0,27.8,18.2,31.92,901.21
2018-07-24,14.0,20.1,19.1,56.96,905.58
2018-07-25,19.0,19.0,8.7,42.71,908.32
2018-07-26,16.0,19.7,10.4,42.54,909.53
2018-07-27,11.0,21.5,10.1,37.12,909.01
2018-07-28,19.0,22.6,11.2,33.25,907.67
2018-07-29,17.0,21.9,13.3,38.08,908.64
2018-07-30,13.0,22.5,7.4,35.96,908.31
2018-07-31,11.0,23.6,10.8,34.46,905.82
2018-08-01,17.0,24.1,13.5,30.46,903.86
2018-08-02,15.0,24.8,18.5,30.88,905.4
2018-08-03,15.0,23.0,7.9,40.54,908.77
2018-08-04,17.0,25.3,12.0,33.08,908.75
2018-08-05,13.0,26.4,7.9,31.38,910.35
2018-08-06,15.0,27.3,8.9,36.21,907.48
2018-08-07,17.0,27.7,19.1,34.12,905.97
2018-08-08,10.0,27.7,12.3,33.58,907.5
2018-08-09,12.0,28.1,17.6,30.38,908.16
2018-08-10,13.0,28.4,11.3,28.08,908.35
2018-08-11,20.0,28.2,20.8,30.71,906.42
2018-08-12,20.0,18.6,14.1,76.21,908.86
2018-08-13,17.0,21.5,11.7,44.04,911.44
2018-08-14,30.0,21.8,10.1,48.58,911.07
2018-08-15,25.0,24.8,7.6,44.29,909.42
2018-08-16,15.0,27.6,20.5,32.62,908.83
2018-08-17,14.76923076923077,26.7,10.8,34.25,909.94
2018-08-18,14.538461538461538,23.1,11.9,41.71,906.34
2018-08-19,14.307692307692308,25.1,6.4,30.58,906.05
2018-08-20,14.076923076923077,27.4,15.9,26.25,905.72
2018-08-21,13.846153846153847,19.7,12.8,56.04,913.12
2018-08-22,13.615384615384615,19.1,7.9,55.46,913.57
2018-08-23,13.384615384615385,20.5,7.1,43.12,911.6
2018-08-24,13.153846153846153,22.6,14.8,34.12,908.93
2018-08-25,12.923076923076923,22.8,13.3,30.42,908.12
2018-08-26,12.692307692307692,20.7,8.7,35.54,906.32
2018-08-27,12.461538461538462,20.8,7.5,34.17,910.01
2018-08-28,12.23076923076923,21.5,17.2,33.88,909.65
2018-08-29,12.0,18.4,14.2,43.46,913.25
2018-08-30,14.0,16.3,11.7,50.96,915.06
2018-08-31,15.5,16.6,10.6,47.42,915.45
2018-09-01,17.0,19.1,15.5,40.04,911.85
2018-09-02,21.0,12.4,15.0,64.92,917.12
2018-09-03,25.0,11.1,9.0,43.21,918.12
2018-09-04,25.0,14.2,11.8,31.58,916.34
2018-09-05,20.0,17.1,12.1,38.75,911.53
2018-09-06,18.0,21.1,7.6,36.42,909.99
2018-09-07,27.0,21.8,9.3,34.62,911.1
2018-09-08,19.0,21.0,8.1,26.08,912.23
2018-09-09,24.0,15.4,7.7,44.12,914.78
2018-09-10,27.0,17.2,7.6,51.33,913.64
2018-09-11,23.0,17.0,8.2,44.33,915.0
2018-09-12,20.0,13.6,11.0,42.67,917.36
2018-09-13,25.0,10.9,6.3,34.42,918.83
2018-09-14,25.0,14.3,7.9,34.38,916.55
2018-09-15,25.0,17.1,9.0,34.67,916.08
2018-09-16,25.0,17.6,8.4,33.58,915.58
2018-09-17,25.0,18.7,8.4,24.42,913.81
2018-09-18,25.0,17.1,9.2,32.38,914.66
2018-09-19,25.0,18.7,10.3,31.08,912.31
2018-09-20,25.0,21.3,19.4,30.08,910.65
2018-09-21,25.0,15.6,9.7,55.67,915.53
2018-09-22,25.0,15.5,6.6,53.25,915.95
2018-09-23,25.0,17.2,10.2,51.62,914.35
2018-09-24,25.0,12.8,25.3,72.42,916.42
2018-09-25,25.0,11.9,12.6,49.79,918.58
2018-09-26,25.0,13.2,7.6,53.71,916.23
2018-09-27,25.0,15.6,9.9,48.17,913.95
2018-09-28,25.0,16.7,17.6,43.17,917.57
2018-09-29,25.0,16.9,13.6,34.46,919.22
2018-09-30,25.0,17.4,7.2,30.46,914.89
2018-10-01,25.0,19.2,16.3,32.29,914.32
2018-10-02,25.0,18.0,12.7,32.42,919.08
2018-10-03,25.0,15.3,13.0,35.75,919.95
2018-10-04,25.0,15.2,6.8,39.54,916.35
2018-10-05,25.0,16.6,6.3,35.38,914.02
2018-10-06,25.0,18.5,13.8,28.79,915.12
2018-10-07,25.0,13.8,14.2,51.25,920.64
2018-10-08,25.0,7.1,10.1,72.08,923.86
2018-10-09,25.0,9.1,17.0,64.79,917.95
2018-10-10,25.0,10.0,7.0,62.12,918.72
2018-10-11,25.0,11.8,9.2,52.33,917.61
2018-10-12,25.0,13.6,8.3,43.17,913.06
2018-10-13,25.0,9.7,19.8,50.46,910.52
2018-10-14,25.0,2.9,12.4,59.67,919.17
2018-10-15,38.0,4.0,17.1,60.25,908.52
2018-10-16,24.0,1.4,14.0,72.29,914.93
2018-10-17,13.0,-0.9,8.3,82.79,923.29
2018-10-18,26.0,0.0,6.9,50.42,917.14
2018-10-19,32.0,3.8,7.4,47.79,916.62
2018-10-20,33.0,6.4,7.5,60.25,921.34
2018-10-21,43.0,8.3,8.6,47.25,919.59
2018-10-22,23.0,11.2,7.3,23.17,915.75
2018-10-23,27.0,9.0,10.2,43.62,915.98
2018-10-24,36.0,9.0,10.4,54.58,917.0
2018-10-25,31.0,10.6,9.7,35.38,914.24
2018-10-26,33.0,11.6,8.6,34.0,913.6
2018-10-27,25.0,13.1,9.5,33.92,912.42
2018-10-28,15.0,12.1,12.6,63.0,920.45
2018-10-29,23.0,6.0,11.9,72.92,927.79
2018-10-30,23.0,7.9,12.6,56.92,919.04
2018-10-31,24.5,5.3,7.5,71.29,916.79
2018-11-01,26.0,-1.1,7.8,87.67,924.36
2018-11-02,62.0,-2.1,6.3,63.92,926.65
2018-11-03,39.0,-0.8,7.6,63.71,928.81
2018-11-04,51.0,0.9,7.0,62.42,928.33
2018-11-05,44.0,2.2,8.8,60.25,923.79
2018-11-06,32.0,3.9,8.7,32.21,915.65
2018-11-07,28.0,5.0,7.0,47.33,914.28
2018-11-08,30.0,3.8,9.2,63.5,918.5
2018-11-09,33.0,3.5,10.0,46.75,916.39
2018-11-10,34.0,4.6,10.0,50.67,915.17
2018-11-11,73.0,1.4,7.4,83.38,916.51
2018-11-12,29.0,-8.9,11.3,88.62,924.06
2018-11-13,51.0,-14.4,14.4,72.5,925.37
2018-11-14,84.0,-12.5,14.9,66.25,921.4
2018-11-15,122.0,-12.2,13.7,61.0,924.04
2018-11-16,154.0,-10.2,12.9,60.12,926.66
2018-11-17,59.0,-6.5,12.5,48.79,916.71
2018-11-18,47.0,-1.2,7.9,24.54,916.01
2018-11-19,157.0,-3.5,13.2,50.04,918.68
2018-11-20,52.0,-2.7,15.0,58.08,914.76
2018-11-21,37.0,-0.4,12.7,84.79,914.87
2018-11-22,28.0,1.4,15.7,66.46,906.01
2018-11-23,44.0,2.5,16.0,78.04,912.58
2018-11-24,25.0,2.0,22.2,71.88,910.7
2018-11-25,47.5,-7.4,16.3,74.17,926.74
2018-11-26,70.0,-3.8,19.4,56.62,912.02
2018-11-27,33.0,2.3,9.9,70.96,910.83
2018-11-28,24.0,1.9,10.5,93.79,918.41
2018-11-29,19.0,4.3,10.1,63.38,918.68
2018-11-30,11.0,3.9,20.2,48.88,915.83
2018-12-01,26.0,-9.1,9.6,70.42,929.75
2018-12-02,57.0,-8.3,12.4,61.17,924.21
2018-12-03,76.0,-9.4,17.8,69.38,918.11
2018-12-04,98.0,-6.0,13.6,46.67,922.15
2018-12-05,121.0,-8.9,14.7,61.88,918.78
2018-12-06,125.0,-6.5,14.1,55.21,914.18
2018-12-07,120.0,-5.2,14.6,53.21,910.82
2018-12-08,66.0,-2.3,14.6,47.71,908.45
2018-12-09,111.0,2.4,8.4,57.62,911.12
2018-12-10,66.0,2.2,6.0,45.12,914.3
2018-12-11,49.0,0.9,4.1,77.29,917.15
2018-12-12,107.0,-0.2,6.6,81.62,918.16
2018-12-13,83.0,-0.6,6.9,85.25,919.03
2018-12-14,36.0,0.4,7.1,51.38,918.95
2018-12-15,22.0,2.4,6.4,23.58,917.95
2018-12-16,24.0,1.8,22.2,53.88,919.83
2018-12-17,61.0,-1.6,10.7,85.96,919.5
2018-12-18,46.0,-2.3,13.4,83.0,915.25
2018-12-19,86.0,-6.3,10.7,84.5,917.05
2018-12-20,66.0,-5.0,6.0,87.71,925.43
2018-12-21,72.0,-9.3,12.8,85.58,924.71
2018-12-22,64.0,-7.4,14.4,56.5,914.31
2018-12-23,73.0,-2.3,8.7,34.25,915.38
2018-12-24,93.0,-2.8,7.4,68.12,918.36
2018-12-25,125.0,-6.3,11.1,86.38,916.28
2018-12-26,104.0,-8.8,13.6,72.96,917.45
2018-12-27,171.0,-5.4,9.7,74.29,920.11
2018-12-28,86.0,-5.1,11.3,76.79,914.78
2018-12-29,35.0,-2.5,17.9,54.67,907.95
2018-12-30,33.0,0.1,11.4,67.88,917.39
2018-12-31,70.0,-5.0,14.6,92.0,922.18
2019-01-01,79.0,-5.8,19.6,89.25,917.41
2019-01-02,74.0,-3.1,11.8,81.88,917.67
2019-01-03,78.0,-3.0,7.2,76.08,918.43
2019-01-04,37.0,-2.6,9.4,68.75,911.56
2019-01-05,94.0,-6.2,7.4,92.62,919.66
2019-01-06,93.0,-6.3,13.4,80.75,920.98
2019-01-07,37.0,-3.2,9.8,34.96,908.4
2019-01-08,15.0,-0.6,9.8,31.62,906.4
2019-01-09,51.0,0.7,10.3,80.46,915.69
2019-01-10,68.0,-2.2,7.1,68.12,910.5
2019-01-11,98.0,-5.0,13.4,73.0,910.55
2019-01-12,29.0,-2.1,6.3,86.25,922.1
2019-01-13,71.0,-5.2,9.0,85.04,921.18
2019-01-14,54.0,-2.3,9.4,42.62,911.77
2019-01-15,29.0,0.4,12.0,45.58,905.67
2019-01-16,35.0,1.5,6.9,85.83,914.83
2019-01-17,114.0,-1.3,6.8,91.88,916.47
2019-01-18,61.0,-1.9,18.8,66.25,909.09
2019-01-19,39.0,0.9,13.7,50.92,911.12
2019-01-20,69.0,-1.3,15.3,62.58,906.39
2019-01-21,35.0,-1.4,8.2,87.88,918.92
2019-01-22,61.0,-4.4,8.4,94.25,916.56
2019-01-23,52.0,-4.5,8.1,93.33,915.74
2019-01-24,51.0,-2.5,5.8,75.17,921.06
2019-01-25,83.0,-2.6,8.4,62.75,922.35
2019-01-26,93.0,-2.1,5.8,55.33,916.08
2019-01-27,30.0,0.6,6.6,24.38,919.02
2019-01-28,115.0,-8.0,14.6,75.08,921.28
2019-01-29,83.0,-8.8,17.4,58.62,917.38
2019-01-30,57.0,-3.6,17.7,51.04,907.46
2019-01-31,18.0,0.6,9.7,61.5,911.52
2019-02-01,53.0,-6.4,11.2,92.25,919.3
2019-02-02,77.0,-8.5,16.9,76.62,917.4
2019-02-03,47.0,-5.4,14.1,55.38,914.98
2019-02-04,53.0,0.3,6.6,32.0,913.12
2019-02-05,41.0,0.6,9.7,58.83,911.85
2019-02-06,29.0,-7.9,12.2,79.71,919.77
2019-02-07,104.0,-13.3,10.5,65.17,920.76
2019-02-08,71.0,-9.8,9.0,63.67,921.06
2019-02-09,46.0,-7.0,14.7,53.58,913.8
2019-02-10,63.0,-0.9,10.2,62.46,912.65
2019-02-11,80.0,-0.7,9.7,72.67,912.85
2019-02-12,64.0,-3.0,8.1,88.96,916.95
2019-02-13,100.0,-7.6,21.1,78.83,913.1
2019-02-14,85.0,-3.3,18.1,76.75,913.62
2019-02-15,25.0,-1.3,9.0,93.5,917.32
2019-02-16,76.0,-1.8,9.2,89.42,914.86
2019-02-17,62.0,-0.5,12.7,64.21,900.29
2019-02-18,39.0,-1.1,12.8,75.42,905.28
2019-02-19,55.0,-2.2,13.3,90.21,906.1
2019-02-20,24.0,-0.2,9.4,72.33,910.34
2019-02-21,22.0,-4.5,17.6,82.21,922.79
2019-02-22,60.0,-5.4,10.5,85.29,923.08
2019-02-23,60.0,-3.8,13.0,57.25,916.29
2019-02-24,30.0,1.5,6.9,15.12,914.82
2019-02-25,39.0,2.2,6.1,25.62,913.8
2019-02-26,58.0,2.5,4.6,22.38,910.06
2019-02-27,73.0,2.4,4.7,24.5,907.54
2019-02-28,70.0,3.7,11.0,28.54,901.34
2019-03-01,65.0,3.8,8.5,32.54,902.16
2019-03-02,90.0,5.6,10.5,32.08,898.16
2019-03-03,33.0,2.1,11.9,77.0,909.33
2019-03-04,26.0,3.7,10.1,72.5,910.1
2019-03-05,53.0,2.2,7.6,86.58,915.13
2019-03-06,45.0,3.7,10.8,64.17,913.42
2019-03-07,64.0,1.0,6.3,84.79,914.0
2019-03-08,65.0,3.7,9.4,71.21,915.68
2019-03-09,50.0,4.0,8.0,60.92,918.65
2019-03-10,71.0,1.4,7.5,78.58,917.88
2019-03-11,67.0,2.8,6.4,73.42,915.56
2019-03-12,77.0,4.1,7.7,63.58,916.05
2019-03-13,47.0,8.0,6.8,27.83,917.32
2019-03-14,70.0,7.9,9.4,34.25,913.8
2019-03-15,44.0,8.9,8.2,37.21,913.12
2019-03-16,39.0,11.4,13.5,33.33,912.73
2019-03-17,69.0,10.7,9.2,49.67,910.5
2019-03-18,58.0,7.9,11.1,57.42,908.28
2019-03-19,42.0,2.3,11.0,53.08,909.63
2019-03-20,84.0,4.7,9.0,58.38,912.74
2019-03-21,69.0,6.3,9.5,50.58,914.06
2019-03-22,78.0,10.1,9.3,43.46,914.6
2019-03-23,78.0,10.4,8.1,47.75,911.09
2019-03-24,43.0,6.8,10.5,70.12,915.15
2019-03-25,26.0,9.3,10.4,59.62,915.9
2019-03-26,26.0,12.3,15.0,37.25,914.33
2019-03-27,40.0,13.1,10.7,29.54,910.96
2019-03-28,40.0,13.0,7.0,57.25,911.51
2019-03-29,25.0,13.3,13.1,68.58,909.38
2019-03-30,16.0,8.0,21.6,79.29,916.5
2019-03-31,37.0,10.5,9.2,64.12,915.55
2019-04-01,30.0,10.6,23.1,52.38,914.19
2019-04-02,34.0,7.0,15.3,73.88,916.24
2019-04-03,35.0,10.8,9.8,68.08,913.74
2019-04-04,27.0,12.5,12.0,61.62,915.55
2019-04-05,23.0,14.0,10.5,61.62,914.18
2019-04-06,10.0,8.5,12.6,91.12,918.65
2019-04-07,34.0,7.9,10.2,69.17,917.46
2019-04-08,52.0,9.4,9.7,59.88,912.88
2019-04-09,42.0,13.9,9.5,49.67,906.23
2019-04-10,34.0,11.4,9.0,77.79,910.68
2019-04-11,47.0,10.8,10.3,83.83,912.8
2019-04-12,31.0,11.2,9.4,72.33,913.84
2019-04-13,19.0,14.5,6.6,50.75,913.16
2019-04-14,29.0,16.2,10.3,50.75,911.89
2019-04-15,15.0,17.5,11.3,44.46,905.46
2019-04-16,18.0,12.2,7.3,84.96,907.94
2019-04-17,8.0,11.4,5.4,77.88,909.65
2019-04-18,11.0,14.2,10.2,49.62,910.88
2019-04-19,30.0,13.5,19.6,63.46,909.29
2019-04-20,37.0,11.5,10.9,80.83,909.06
2019-04-21,29.0,11.9,14.3,77.38,908.42
2019-04-22,19.0,9.5,7.9,85.12,913.01
2019-04-23,16.0,10.6,10.8,80.12,910.48
2019-04-24,22.0,11.0,13.6,83.04,906.92
2019-04-25,6.0,8.8,17.5,70.96,917.64
2019-04-26,22.0,7.8,6.1,78.25,917.92
2019-04-27,20.0,10.0,9.9,61.92,918.96
2019-04-28,27.0,12.2,10.2,52.29,917.39
2019-04-29,19.0,14.0,9.2,50.5,911.15
2019-04-30,15.0,12.2,9.8,65.75,909.29
2019-05-01,17.0,13.7,8.5,53.62,912.39
2019-05-02,12.0,11.8,9.4,66.58,912.81
2019-05-03,12.0,7.5,13.0,79.58,916.74
2019-05-04,25.0,6.0,10.5,76.58,920.69
2019-05-05,17.0,8.7,10.0,53.08,923.78
2019-05-06,19.0,11.6,8.7,46.38,919.47
2019-05-07,9.0,13.3,8.4,41.12,915.93
2019-05-08,12.0,13.9,9.1,42.5,914.02
2019-05-09,12.0,14.9,10.5,38.83,912.2
2019-05-10,13.0,17.4,6.6,37.46,910.86
2019-05-11,22.0,17.3,7.9,45.83,911.31
2019-05-12,18.0,17.5,14.7,42.21,911.65
2019-05-13,9.0,16.6,11.1,42.21,912.51
2019-05-14,14.0,16.8,10.0,44.71,913.75
2019-05-15,11.0,17.7,14.8,42.88,910.46
2019-05-16,52.0,11.4,10.8,56.62,911.42
2019-05-17,17.0,11.1,8.0,40.21,912.65
2019-05-18,18.0,14.8,9.1,49.71,908.37
2019-05-19,14.0,17.7,7.1,53.25,911.38
2019-05-20,11.0,18.8,10.3,53.33,911.53
2019-05-21,9.0,20.1,11.3,49.5,908.2
2019-05-22,12.0,15.6,20.2,69.92,910.26
2019-05-23,14.0,14.4,9.8,55.75,913.28
2019-05-24,25.0,14.9,8.4,55.29,909.11
2019-05-25,19.0,15.0,9.0,68.0,911.25
2019-05-26,9.0,16.7,10.7,50.96,915.86
2019-05-27,7.0,16.7,14.5,52.33,917.99
2019-05-28,9.0,17.3,6.3,41.0,917.44
2019-05-29,7.0,20.1,7.6,30.92,913.4
2019-05-30,3.0,21.5,11.0,34.79,909.69
2019-05-31,4.0,23.0,11.0,32.62,911.28
2019-06-01,9.0,22.3,13.1,40.04,909.5
2019-06-02,13.0,18.6,11.0,66.0,911.81
2019-06-03,8.0,18.2,11.4,65.17,911.59
2019-06-04,7.0,19.1,9.7,56.96,911.08
2019-06-05,4.0,20.6,13.0,52.25,910.25
2019-06-06,4.0,19.1,16.6,59.79,909.16
2019-06-07,12.0,20.2,11.2,48.75,911.35
2019-06-08,9.0,17.6,15.1,58.46,909.56
2019-06-09,11.0,16.1,16.8,62.08,909.9
2019-06-10,5.0,15.8,19.4,63.21,911.59
2019-06-11,6.0,14.4,9.7,66.33,914.31
2019-06-12,7.0,16.0,14.8,59.71,913.48
2019-06-13,8.0,19.4,14.3,50.46,910.57
2019-06-14,9.0,19.9,16.7,46.58,906.12
2019-06-15,5.0,20.7,15.3,50.12,906.32
2019-06-16,15.0,18.4,13.0,61.0,908.6
2019-06-17,12.0,21.2,11.6,45.46,908.18
2019-06-18,7.0,21.2,20.5,45.54,907.28
2019-06-19,10.0,20.1,13.1,49.21,908.93
2019-06-20,6.0,21.1,7.7,48.58,909.96
2019-06-21,8.0,22.2,10.7,42.0,907.89
2019-06-22,8.0,21.8,10.5,44.0,907.97
2019-06-23,6.0,22.5,16.5,37.71,911.74
2019-06-24,7.0,22.2,10.2,38.29,912.92
2019-06-25,7.0,22.5,8.3,37.29,912.37
2019-06-26,8.0,23.7,10.2,33.54,908.98
2019-06-27,8.0,24.4,12.8,32.17,905.7
2019-06-28,7.0,25.0,13.9,28.38,904.65
2019-06-29,11.0,25.3,13.7,31.83,905.1
2019-06-30,8.0,25.9,16.0,32.96,905.22
2019-07-01,10.0,24.6,8.3,36.92,907.33
2019-07-02,11.0,26.8,7.7,37.12,906.88
2019-07-03,20.0,21.3,18.7,60.21,912.39
2019-07-04,14.0,21.1,7.3,59.71,912.75
2019-07-05,12.0,23.6,9.1,39.33,908.36
2019-07-06,12.0,24.1,18.7,40.88,904.96
2019-07-07,8.0,25.6,10.0,38.92,905.7
2019-07-08,10.0,26.0,10.0,33.46,905.75
2019-07-09,9.0,25.6,15.0,35.17,904.4
2019-07-10,8.0,25.1,12.5,39.42,907.54
2019-07-11,17.0,25.4,8.7,36.88,906.97
2019-07-12,18.0,26.5,7.9,34.79,904.55
2019-07-13,24.0,27.3,14.2,35.5,903.3
2019-07-14,11.0,27.2,18.9,31.12,903.39
2019-07-15,16.0,25.6,13.0,34.08,903.99
2019-07-16,25.0,26.9,7.9,30.92,904.59
2019-07-17,28.0,28.1,15.9,29.83,906.08
2019-07-18,15.0,28.3,10.9,26.75,906.11
2019-07-19,13.0,28.6,8.9,22.96,906.13
2019-07-20,16.0,28.9,14.9,24.0,906.1
2019-07-21,16.0,27.7,16.2,27.08,908.73
2019-07-22,12.0,28.3,22.8,26.0,907.39
2019-07-23,49.0,27.9,13.4,28.33,908.25
2019-07-24,27.0,27.2,20.8,30.04,907.32
2019-07-25,14.0,24.7,13.7,33.08,906.71
2019-07-26,22.0,24.5,16.9,28.67,904.71
2019-07-27,54.0,23.2,7.9,38.5,905.42
2019-07-28,50.0,26.1,10.6,31.08,905.03
2019-07-29,36.0,29.5,9.8,29.04,905.6
2019-07-30,21.0,26.9,18.7,37.62,909.37
2019-07-31,15.0,26.6,23.4,37.62,906.68
2019-08-01,14.0,28.6,17.4,26.54,903.17
2019-08-02,13.0,29.0,20.2,23.88,904.38
2019-08-03,17.0,28.0,15.4,30.25,905.69
2019-08-04,20.0,26.5,22.2,39.42,906.84
2019-08-05,13.0,27.6,10.2,31.83,906.8
2019-08-06,17.0,28.8,10.4,29.38,906.48
2019-08-07,14.0,28.4,8.4,27.08,908.84
2019-08-08,20.0,29.7,7.5,24.5,906.38
2019-08-09,20.0,27.7,16.6,28.08,908.48
2019-08-10,12.0,23.9,7.6,26.54,913.28
2019-08-11,18.0,24.6,6.5,28.58,907.35
2019-08-12,20.0,27.8,8.1,26.33,905.4
2019-08-13,18.0,28.4,14.0,24.83,906.75
2019-08-14,16.0,23.4,12.2,41.33,909.02
2019-08-15,5.0,19.6,13.0,52.21,911.48
2019-08-16,18.0,19.3,8.4,52.62,910.21
2019-08-17,12.0,15.6,9.6,74.38,911.38
2019-08-18,10.0,18.2,7.4,46.42,912.58
2019-08-19,14.0,19.5,7.3,42.12,915.89
2019-08-20,10.0,20.1,10.4,41.42,915.57
2019-08-21,14.0,21.5,10.4,35.29,911.62
2019-08-22,9.0,24.0,16.6,30.79,908.83
2019-08-23,17.0,20.6,7.4,49.38,911.93
2019-08-24,17.0,20.0,9.5,48.96,914.69
2019-08-25,22.0,21.7,7.7,38.88,913.71
2019-08-26,21.0,23.4,8.7,35.71,909.76
2019-08-27,13.0,25.6,8.6,29.83,910.18
2019-08-28,16.0,25.3,8.4,31.08,909.93
2019-08-29,16.0,26.3,7.4,28.42,908.63
2019-08-30,11.0,22.9,10.2,35.42,911.0
2019-08-31,9.0,21.1,12.1,41.42,909.73
2019-09-01,7.0,18.4,13.0,31.29,910.41
2019-09-02,9.0,18.6,11.5,41.25,911.72
2019-09-03,11.0,19.9,6.9,47.33,909.65
2019-09-04,9.0,18.5,7.7,43.83,908.82
2019-09-05,9.0,20.2,15.4,37.29,909.3
2019-09-06,5.0,14.9,14.5,60.29,912.63
2019-09-07,21.0,15.4,8.1,53.79,912.0
2019-09-08,28.0,15.9,7.1,50.54,910.52
2019-09-09,22.0,11.8,15.3,74.62,912.14
2019-09-10,2.0,11.1,13.1,75.08,917.81
2019-09-11,7.0,13.0,9.5,47.29,919.98
2019-09-12,15.0,15.2,9.0,41.79,919.29
2019-09-13,18.0,16.3,6.8,42.62,916.44
2019-09-14,31.0,17.9,7.6,34.71,915.01
2019-09-15,13.0,17.5,17.4,43.42,914.17
2019-09-16,6.0,15.6,11.5,56.17,916.69
2019-09-17,8.0,16.5,9.2,38.38,919.27
2019-09-18,17.0,17.4,11.8,32.42,913.94
2019-09-19,12.0,21.3,12.3,29.88,914.83
2019-09-20,10.0,21.8,17.1,32.92,914.87
2019-09-21,31.0,20.8,6.1,34.92,912.5
2019-09-22,10.0,22.2,8.2,25.83,908.45
2019-09-23,6.0,17.8,21.9,43.71,916.76
2019-09-24,15.0,16.3,11.2,52.38,914.78
2019-09-25,24.0,18.2,9.0,47.0,914.9
2019-09-26,19.0,20.4,11.9,44.54,913.79
2019-09-27,17.0,21.6,20.3,38.58,910.02
2019-09-28,18.0,20.2,13.6,41.5,910.41
2019-09-29,29.0,17.6,14.2,53.62,907.15
2019-09-30,31.0,9.6,12.2,80.58,914.09
2019-10-01,47.0,8.3,5.9,83.96,914.92
2019-10-02,26.0,8.4,7.7,58.0,916.51
2019-10-03,34.0,12.4,7.2,49.58,916.82
2019-10-04,40.0,12.5,6.5,60.25,915.62
2019-10-05,30.0,14.3,8.9,55.83,914.02
2019-10-06,41.0,16.1,9.9,50.54,912.16
2019-10-07,30.0,15.6,7.9,47.25,911.28
2019-10-08,23.0,16.6,12.6,50.08,915.34
2019-10-09,13.0,13.5,6.5,68.83,918.76
2019-10-10,14.0,14.8,10.6,41.83,915.82
2019-10-11,11.0,13.2,19.6,42.96,915.81
2019-10-12,26.0,7.3,14.8,75.33,918.89
2019-10-13,33.0,10.3,10.6,45.83,918.33
2019-10-14,9.0,13.8,14.0,33.42,918.39
2019-10-15,11.0,9.4,18.4,61.0,923.38
2019-10-16,25.0,12.1,6.6,44.71,917.44
2019-10-17,11.0,13.9,18.4,46.12,916.88
2019-10-18,23.0,6.5,12.8,75.29,922.48
2019-10-19,36.0,8.5,10.2,55.38,917.3
2019-10-20,13.0,12.3,9.2,36.83,913.82
2019-10-21,28.0,5.2,8.9,67.46,918.09
2019-10-22,47.0,2.9,10.0,57.21,919.82
2019-10-23,31.0,6.6,7.6,46.42,918.18
2019-10-24,21.0,8.6,7.3,29.46,917.57
2019-10-25,36.0,9.2,7.7,40.58,919.54
2019-10-26,36.0,10.5,6.6,37.79,918.61
2019-10-27,50.0,10.3,7.0,38.04,915.93
2019-10-28,24.0,11.4,13.8,45.08,917.57
2019-10-29,43.0,10.1,8.4,51.54,917.32
2019-10-30,37.0,12.1,7.5,44.88,910.87
2019-10-31,31.0,14.2,8.7,42.17,912.33
2019-11-01,41.0,12.6,10.3,44.88,913.32
2019-11-02,53.0,8.5,8.8,83.29,917.02
2019-11-03,46.0,7.7,10.6,84.21,915.45
2019-11-04,15.0,7.7,20.8,60.12,915.58
2019-11-05,16.0,-0.1,14.5,82.17,921.81
2019-11-06,46.0,-1.0,6.5,83.33,922.22
2019-11-07,43.0,-1.0,7.7,81.04,923.33
2019-11-08,70.0,1.8,8.4,68.58,922.18
2019-11-09,43.0,5.3,9.7,60.62,920.56
2019-11-10,28.0,6.3,21.5,54.17,916.72
2019-11-11,31.0,1.0,10.5,87.71,928.16
2019-11-12,52.0,0.6,17.4,81.58,924.37
2019-11-13,41.0,1.9,18.2,56.88,916.38
2019-11-14,18.0,6.9,9.4,29.38,915.29
2019-11-15,40.0,3.2,9.6,51.38,918.95
2019-11-16,69.0,-3.5,14.1,65.5,925.28
2019-11-17,71.0,-0.0,17.3,50.25,923.12
2019-11-18,35.0,4.4,8.2,27.5,921.52
2019-11-19,33.0,5.6,6.8,31.88,915.3
2019-11-20,60.0,0.6,8.9,68.08,912.99
2019-11-21,58.0,-5.7,11.1,83.96,917.68
2019-11-22,65.0,-6.9,21.3,52.67,921.25
2019-11-23,80.5,-4.4,16.2,59.0,921.57
2019-11-24,96.0,-2.6,8.8,80.17,920.43
2019-11-25,69.0,-3.8,7.4,93.5,922.94
2019-11-26,55.0,-6.4,11.7,93.42,922.24
2019-11-27,78.0,-7.0,16.2,87.04,922.11
2019-11-28,80.0,-7.2,10.8,88.21,923.9
2019-11-29,76.0,-7.6,11.3,87.83,925.82
2019-11-30,101.0,-9.2,14.3,73.88,922.5
2019-12-01,87.0,-5.8,15.6,41.58,915.55
2019-12-02,25.0,1.0,8.6,37.58,915.73
2019-12-03,69.0,1.7,7.9,63.0,916.17
2019-12-04,32.0,3.5,11.8,36.75,913.8
2019-12-05,13.0,6.4,7.6,22.08,913.36
2019-12-06,19.0,3.1,9.4,66.67,923.1
2019-12-07,46.0,-0.2,10.2,85.04,925.95
2019-12-08,53.0,0.5,9.3,66.75,920.86
2019-12-09,123.0,-0.9,16.1,59.96,912.78
2019-12-10,48.0,0.6,11.2,55.33,912.76
2019-12-11,33.0,1.6,7.6,51.58,912.77
2019-12-12,71.0,0.4,10.5,58.0,909.85
2019-12-13,58.0,0.5,9.8,64.38,910.03
2019-12-14,60.0,-1.4,7.7,95.21,915.23
2019-12-15,44.0,-4.6,7.0,86.62,923.64
2019-12-16,79.0,-6.5,11.8,85.38,922.78
2019-12-17,89.0,-5.4,13.9,72.71,921.86
2019-12-18,31.0,-1.6,10.0,33.21,916.91
2019-12-19,56.0,-1.8,8.0,90.42,916.11
2019-12-20,30.0,-0.9,10.0,85.83,912.93
2019-12-21,42.0,-3.4,13.8,83.38,906.59
2019-12-22,16.0,-5.3,16.6,67.33,916.1
2019-12-23,51.0,-8.0,9.7,75.62,918.7
2019-12-24,28.0,-9.9,11.8,72.21,922.16
2019-12-25,65.0,-9.6,15.0,60.71,920.24
2019-12-26,32.0,-4.0,11.2,40.54,916.18
2019-12-27,9.0,-1.4,12.0,30.46,907.23
2019-12-28,16.0,1.8,10.7,47.33,907.39
2019-12-29,61.0,2.8,8.6,48.25,910.88
2019-12-30,69.0,1.2,6.7,83.5,915.36
2019-12-31,96.0,-1.8,7.5,95.38,916.04
2020-01-01,108.0,-2.9,10.2,92.29,915.48
2020-01-02,62.0,-4.4,15.5,79.79,912.18
2020-01-03,38.0,-3.3,11.9,64.0,913.97
2020-01-04,70.0,-2.2,8.2,72.17,915.93
2020-01-05,98.0,-4.2,6.7,60.08,911.71
2020-01-06,72.0,-6.6,10.9,67.88,909.04
2020-01-07,65.0,-4.5,9.6,82.62,916.98
2020-01-08,90.0,-5.6,5.6,94.54,919.45
2020-01-09,70.0,-6.8,6.9,90.92,918.28
2020-01-10,98.0,-7.7,16.5,87.42,914.12
2020-01-11,17.0,-3.2,11.8,59.29,910.91
2020-01-12,21.0,-3.9,10.5,69.25,906.9
2020-01-13,53.0,-4.1,10.2,82.92,910.0
2020-01-14,70.0,-5.3,7.3,92.33,917.17
2020-01-15,70.0,-5.5,9.0,81.04,919.41
2020-01-16,45.0,-4.5,8.9,85.29,924.84
2020-01-17,66.0,-6.8,6.1,71.0,926.24
2020-01-18,57.0,-9.1,16.9,59.67,918.44
2020-01-19,42.0,-6.1,12.9,53.54,910.64
2020-01-20,31.0,-2.3,8.5,55.29,915.28
2020-01-21,38.0,-5.0,5.9,76.04,914.58
2020-01-22,105.0,-4.4,9.4,70.62,916.82
2020-01-23,93.0,-3.5,10.6,75.88,916.0
2020-01-24,67.0,-0.2,16.0,44.62,905.31
2020-01-25,66.0,0.8,13.4,72.88,912.25
2020-01-26,55.0,-3.9,10.6,96.46,914.91
2020-01-27,109.0,-4.2,10.7,80.42,911.68
2020-01-28,23.0,-3.8,8.6,72.71,918.38
2020-01-29,70.0,-6.4,10.2,80.67,920.44
2020-01-30,100.0,-7.2,12.3,88.17,917.76
2020-01-31,114.0,-7.0,16.2,80.71,913.6
2020-02-01,28.0,-4.6,14.8,51.88,910.75
2020-02-02,68.0,0.5,6.5,31.0,909.12
2020-02-03,78.0,1.5,12.0,36.79,907.64
2020-02-04,42.0,-0.6,12.3,74.12,913.84
2020-02-05,36.0,-0.9,10.5,83.75,910.75
2020-02-06,37.0,1.8,10.2,48.92,915.26
2020-02-07,58.0,1.6,6.3,51.83,915.95
2020-02-08,40.0,3.7,8.3,32.79,909.78
2020-02-09,21.0,5.5,15.5,28.62,902.49
2020-02-10,33.0,5.0,10.1,78.29,908.21
2020-02-11,42.0,-4.1,16.2,90.83,914.07
2020-02-12,95.0,-1.8,20.8,67.83,907.91
2020-02-13,24.0,-1.2,12.3,86.5,916.69
2020-02-14,53.0,-3.1,11.0,91.33,922.07
2020-02-15,58.0,-0.5,12.7,67.29,912.46
2020-02-16,22.0,-1.5,19.0,75.17,927.26
2020-02-17,28.0,-3.2,10.2,71.96,922.77
2020-02-18,48.0,-4.1,5.8,77.42,922.87
2020-02-19,47.0,-6.9,13.8,89.88,928.32
2020-02-20,64.0,-4.7,21.6,72.25,917.04
2020-02-21,53.0,1.7,17.1,50.5,906.88
2020-02-22,20.0,6.7,12.2,40.08,913.05
2020-02-23,45.0,0.2,10.5,90.67,917.72
2020-02-24,67.0,2.5,6.1,75.62,914.18
2020-02-25,40.0,4.7,9.1,68.54,914.32
2020-02-26,33.0,6.1,14.9,48.04,908.18
2020-02-27,26.0,2.5,12.8,82.38,915.54
2020-02-28,29.0,-1.3,11.3,84.96,920.88
2020-02-29,44.0,1.4,16.0,70.33,915.23
2020-03-01,60.0,5.9,10.7,41.17,910.97
2020-03-02,24.0,9.0,7.6,32.33,910.53
2020-03-03,35.0,5.5,13.3,62.83,913.23
2020-03-04,60.0,0.6,9.4,77.62,915.67
2020-03-05,51.0,3.6,12.4,65.0,908.8
2020-03-06,24.0,2.1,8.8,86.67,914.52
2020-03-07,35.0,-5.8,11.0,80.67,924.05
2020-03-08,54.0,-10.5,18.8,63.38,926.47
2020-03-09,59.0,-2.1,18.4,47.79,919.78
2020-03-10,46.5,-0.1,8.9,47.88,918.02
2020-03-11,34.0,1.4,7.5,42.83,918.29
2020-03-12,50.0,2.7,12.7,51.0,915.1
2020-03-13,44.0,4.9,9.5,50.38,916.33
2020-03-14,40.0,9.5,5.4,31.12,915.59
2020-03-15,44.0,9.7,12.2,33.88,913.71
2020-03-16,29.0,10.1,7.2,30.04,912.23
2020-03-17,17.0,13.4,9.2,25.88,914.16
2020-03-18,33.0,12.0,8.7,65.62,919.16
2020-03-19,39.0,10.2,10.8,75.42,913.69
2020-03-20,47.0,7.9,10.6,75.25,910.07
2020-03-21,27.0,11.4,18.7,58.54,907.72
2020-03-22,19.0,8.5,10.2,71.96,917.38
2020-03-23,38.0,2.2,11.6,90.42,918.24
2020-03-24,24.0,1.4,10.9,63.88,916.03
2020-03-25,44.0,-3.1,14.0,62.21,919.46
2020-03-26,43.0,-1.1,12.1,57.42,918.65
2020-03-27,55.0,5.5,9.8,53.17,915.88
2020-03-28,40.0,8.5,12.1,50.0,914.31
2020-03-29,54.0,5.6,9.4,53.5,917.0
2020-03-30,48.0,6.7,10.3,47.71,912.3
2020-03-31,43.0,10.4,10.9,46.12,905.28
2020-04-01,38.0,10.8,9.8,59.54,907.78
2020-04-02,13.0,8.7,7.6,84.79,915.61
2020-04-03,35.0,9.5,8.9,78.46,916.66
2020-04-04,21.0,12.8,9.8,45.29,915.32
2020-04-05,15.0,13.7,8.6,39.12,913.4
2020-04-06,26.0,10.7,10.9,62.67,914.02
2020-04-07,27.0,14.5,9.7,59.92,911.73
2020-04-08,24.0,5.2,15.2,87.79,914.17
2020-04-09,7.0,0.3,12.4,90.71,922.34
2020-04-10,26.0,-0.6,16.5,75.38,921.03
2020-04-11,41.0,6.9,17.3,60.67,913.32
2020-04-12,21.0,14.3,11.3,55.17,911.02
2020-04-13,21.0,11.6,10.5,82.54,911.82
2020-04-14,21.0,10.3,9.5,82.83,914.51
2020-04-15,5.0,6.7,15.6,89.83,919.37
2020-04-16,26.0,6.8,9.8,76.38,917.22
2020-04-17,40.0,9.2,7.6,72.04,912.44
2020-04-18,13.0,12.6,7.9,45.5,914.75
2020-04-19,18.0,14.6,8.4,42.75,915.45
2020-04-20,15.0,15.4,7.9,42.71,913.62
2020-04-21,20.0,15.9,10.8,42.67,912.1
2020-04-22,11.0,16.3,11.1,43.29,911.35
2020-04-23,8.0,16.9,9.3,40.62,911.45
2020-04-24,8.0,19.1,15.7,37.96,906.86
2020-04-25,16.0,19.7,14.8,44.46,912.33
2020-04-26,27.0,17.7,8.3,61.33,913.57
2020-04-27,23.0,20.6,17.3,44.62,909.35
2020-04-28,8.0,21.5,21.0,43.0,906.93
2020-04-29,10.0,16.6,11.5,64.12,914.33
2020-04-30,7.0,13.8,13.5,71.46,916.76
2020-05-01,8.0,15.9,11.7,54.42,914.92
2020-05-02,17.0,15.1,7.4,65.54,909.02
2020-05-03,10.0,17.2,14.6,57.58,909.4
2020-05-04,4.0,16.9,9.3,54.62,912.62
2020-05-05,14.0,14.5,13.0,50.71,915.14
2020-05-06,13.0,11.5,6.6,44.96,917.74
2020-05-07,15.0,14.6,8.9,47.67,910.89
2020-05-08,8.0,18.2,8.4,47.21,906.3
2020-05-09,13.0,17.8,16.3,55.33,909.78
2020-05-10,11.0,16.0,9.0,71.42,915.0
2020-05-11,6.0,17.2,8.6,55.04,911.61
2020-05-12,9.0,18.6,7.3,47.25,910.1
2020-05-13,10.0,18.9,8.2,54.75,907.1
2020-05-14,15.0,18.3,25.2,64.08,908.87
2020-05-15,10.0,13.3,8.9,69.5,916.45
2020-05-16,23.0,14.4,8.0,66.88,912.85
2020-05-17,19.0,15.4,6.6,65.0,912.25
2020-05-18,21.0,17.7,5.8,56.58,909.94
2020-05-19,6.0,12.3,9.4,82.75,914.55
2020-05-20,9.0,14.3,8.9,66.5,916.22
2020-05-21,7.0,16.8,12.7,57.38,917.41
2020-05-22,8.0,18.5,7.1,51.67,918.39
2020-05-23,8.0,19.7,8.7,46.12,917.64
2020-05-24,8.0,20.0,7.1,46.25,917.03
2020-05-25,8.0,20.6,9.2,53.25,917.39
2020-05-26,13.0,22.1,9.3,50.42,913.48
2020-05-27,6.0,23.2,13.0,39.17,912.73
2020-05-28,9.0,18.8,8.7,50.92,912.44
2020-05-29,5.0,19.2,8.2,45.21,910.04
2020-05-30,6.0,20.1,9.2,39.96,910.77
2020-05-31,6.0,21.2,9.2,37.54,911.58
2020-06-01,8.0,22.7,18.8,34.92,909.48
2020-06-02,4.0,23.9,15.6,35.04,909.24
2020-06-03,5.0,24.5,16.7,32.62,909.2
2020-06-04,6.0,25.0,17.7,29.62,906.32
2020-06-05,16.0,19.9,25.7,56.71,909.71
2020-06-06,14.0,16.2,5.2,37.12,913.97
2020-06-07,10.0,16.8,8.5,35.42,912.68
2020-06-08,9.0,16.9,9.4,49.46,909.98
2020-06-09,4.0,16.9,15.0,59.96,912.89
2020-06-10,5.0,17.8,17.0,49.25,912.98
2020-06-11,6.0,16.4,14.5,59.33,912.65
2020-06-12,7.0,18.3,11.0,38.21,909.62
2020-06-13,7.0,19.8,10.0,36.58,907.74
2020-06-14,8.0,22.0,11.3,34.83,908.7
2020-06-15,6.0,23.4,11.1,33.88,908.28
2020-06-16,5.0,24.3,16.5,30.46,905.86
2020-06-17,6.0,20.1,10.5,39.25,907.09
2020-06-18,7.0,19.1,9.8,38.5,909.42
2020-06-19,7.0,20.9,13.8,34.12,908.62
2020-06-20,10.0,18.7,21.5,41.71,910.32
2020-06-21,8.0,19.4,10.2,31.0,910.08
2020-06-22,13.0,23.0,6.4,35.92,903.34
2020-06-23,11.666666666666666,24.8,16.2,33.29,904.49
2020-06-24,10.333333333333334,25.3,22.8,23.92,909.58
2020-06-25,9.0,22.1,7.4,34.12,909.23
2020-06-26,7.0,24.6,14.5,29.04,903.46
2020-06-27,6.0,18.1,16.8,54.88,906.77
2020-06-28,10.0,14.4,9.6,57.5,913.58
2020-06-29,5.0,17.2,12.5,50.58,912.05
2020-06-30,20.0,19.5,6.5,54.67,906.2
2020-07-01,5.0,22.4,14.4,44.08,906.63
2020-07-02,10.0,23.1,17.7,40.0,906.82
2020-07-03,5.0,19.6,9.5,45.96,912.46
2020-07-04,10.0,17.8,13.2,60.08,910.02
2020-07-05,10.0,19.6,15.5,50.83,906.97
2020-07-06,10.0,18.2,8.9,59.33,907.38
2020-07-07,6.0,20.9,8.9,47.75,908.43
2020-07-08,10.0,24.0,8.4,44.54,908.24
2020-07-09,11.0,22.0,8.9,51.12,906.23
2020-07-10,11.0,22.0,13.0,45.96,905.85
2020-07-11,7.0,22.9,10.5,42.04,906.86
2020-07-12,11.0,22.2,8.6,45.42,908.54
2020-07-13,14.0,21.9,6.5,40.83,907.93
2020-07-14,12.0,23.1,9.4,38.88,907.92
2020-07-15,10.0,22.2,9.0,41.33,909.09
2020-07-16,9.0,25.4,8.0,36.75,906.31
2020-07-17,7.0,27.1,16.2,31.96,904.66
2020-07-18,7.0,28.3,13.6,28.29,906.79
2020-07-19,6.0,26.9,20.9,29.88,907.7
2020-07-20,7.0,26.8,17.0,26.17,903.08
2020-07-21,6.0,25.4,18.9,31.0,903.92
2020-07-22,5.0,24.9,23.1,31.38,906.72
2020-07-23,11.0,26.1,16.9,28.12,906.44
2020-07-24,9.0,24.5,17.7,40.08,908.92
2020-07-25,8.0,25.2,9.5,46.38,912.29
2020-07-26,11.0,26.0,14.9,37.46,910.58
2020-07-27,7.0,21.2,14.7,55.92,910.87
2020-07-28,5.0,23.1,10.1,36.33,907.93
2020-07-29,3.0,22.2,16.5,44.21,909.35
2020-07-30,6.0,21.9,11.2,40.62,911.63
2020-07-31,11.0,21.5,9.3,47.38,908.48
2020-08-01,12.0,23.4,9.9,49.12,908.09
2020-08-02,11.0,23.3,10.7,46.17,907.92
2020-08-03,8.0,21.7,12.2,54.54,906.21
2020-08-04,9.0,23.8,17.2,40.42,904.0
2020-08-05,7.0,25.5,12.1,35.04,906.05
2020-08-06,5.0,26.6,9.0,35.62,908.92
2020-08-07,16.0,26.0,8.6,37.46,908.64
2020-08-08,16.0,27.0,10.2,34.5,906.03
2020-08-09,13.0,24.0,17.0,45.88,905.65
2020-08-10,6.0,25.3,10.2,34.17,906.05
2020-08-11,6.0,25.3,17.8,33.21,905.99
2020-08-12,9.0,23.9,12.1,38.67,907.0
2020-08-13,4.0,21.3,20.9,38.71,908.28
2020-08-14,6.0,20.8,6.4,42.04,907.89
2020-08-15,9.0,23.3,9.1,27.0,906.81
2020-08-16,13.0,25.5,22.2,29.12,906.1
2020-08-17,13.0,26.6,11.3,32.92,906.13
2020-08-18,8.0,18.6,15.2,65.12,908.27
2020-08-19,5.0,20.5,8.1,43.79,909.16
2020-08-20,10.0,21.6,8.8,42.08,906.74
2020-08-21,6.0,21.7,14.0,36.83,909.57
2020-08-22,11.0,22.6,7.6,34.29,907.86
2020-08-23,15.0,24.5,8.3,33.67,906.24
2020-08-24,19.0,27.3,13.9,31.08,903.64
2020-08-25,10.0,25.0,18.7,36.5,909.37
2020-08-26,15.0,20.4,15.5,51.08,910.67
2020-08-27,12.0,13.4,14.8,86.88,913.74
2020-08-28,5.0,17.1,7.5,59.42,915.04
2020-08-29,9.0,19.4,10.2,41.5,912.26
2020-08-30,17.0,20.1,7.7,50.62,911.13
2020-08-31,17.0,23.2,10.3,40.75,910.66
2020-09-01,14.0,20.9,7.9,54.67,912.55
2020-09-02,10.0,23.8,7.2,44.67,912.59
2020-09-03,9.0,20.5,14.0,58.71,913.52
2020-09-04,5.0,22.3,18.7,32.92,915.1
2020-09-05,14.0,20.1,6.8,42.67,911.7
2020-09-06,10.0,19.9,17.4,39.29,909.39
2020-09-07,6.0,15.5,12.0,39.83,916.38
2020-09-08,15.0,14.3,9.2,46.54,914.88
2020-09-09,15.0,16.9,8.0,37.46,914.37
2020-09-10,16.0,15.5,8.7,38.58,914.63
2020-09-11,20.0,16.7,9.0,34.96,913.35
2020-09-12,14.0,19.0,24.8,36.71,914.12
2020-09-13,17.0,17.2,8.8,42.12,917.12
2020-09-14,22.0,17.8,6.9,45.38,912.54
2020-09-15,8.0,19.3,10.2,35.67,912.11
2020-09-16,11.0,19.9,6.5,32.38,909.23
2020-09-17,10.0,16.8,15.0,39.79,910.39
2020-09-18,10.0,11.3,12.6,58.58,919.24
2020-09-19,20.0,11.1,9.5,53.62,919.57
2020-09-20,22.0,14.3,10.6,47.54,913.12
2020-09-21,7.0,17.4,8.6,26.0,912.75
2020-09-22,10.0,15.7,14.1,40.0,915.3
2020-09-23,10.0,14.4,8.0,45.88,915.02
2020-09-24,10.0,15.2,10.2,36.12,913.77
2020-09-25,16.0,11.8,10.9,40.75,914.81
2020-09-26,13.0,8.4,6.9,39.58,914.98
2020-09-27,18.0,6.5,7.3,61.58,915.1
2020-09-28,11.0,7.7,9.7,49.83,918.01
2020-09-29,18.0,7.7,6.4,45.42,920.02
2020-09-30,19.0,8.1,10.8,45.38,916.21
2020-10-01,18.0,8.4,8.2,48.67,917.95
2020-10-02,25.0,9.3,7.4,48.04,916.48
2020-10-03,25.0,12.5,8.0,46.75,916.87
2020-10-04,21.0,13.0,5.9,38.79,917.59
2020-10-05,18.0,13.1,11.2,32.88,915.87
2020-10-06,18.0,6.2,14.8,59.92,920.29
2020-10-07,20.0,4.3,8.1,55.71,921.98
