ds,temp,wind_speed
2020-02-10,5.6,10.1
2020-02-11,-3.5,16.2
2020-02-12,-1.2,20.8
2020-02-13,-0.6,12.3
2020-02-14,-2.5,11.0
2020-02-15,0.1,12.7
2020-02-16,-0.9,19.0
2020-02-17,-2.6,10.2
2020-02-18,-3.5,5.8
2020-02-19,-6.3,13.8
2020-02-20,-4.1,21.6
2020-02-21,2.3,17.1
2020-02-22,7.3,12.2
2020-02-23,0.8,10.5
2020-02-24,3.1,6.1
2020-02-25,5.3,9.1
2020-02-26,6.7,14.9
2020-02-27,3.1,12.8
2020-02-28,-0.7,11.3
2020-02-29,2.0,16.0
2020-03-01,6.5,10.7
2020-03-02,9.6,7.6
2020-03-03,6.1,13.3
2020-03-04,1.2,9.4
2020-03-05,4.2,12.4
2020-03-06,2.7,8.8
2020-03-07,-5.2,11.0
2020-03-08,-9.9,18.8
2020-03-09,-1.5,18.4
2020-03-10,0.5,8.9
2020-03-11,2.0,7.5
2020-03-12,3.3,12.7
2020-03-13,5.5,9.5
2020-03-14,10.1,5.4
2020-03-15,10.3,12.2
2020-03-16,10.7,7.2
2020-03-17,14.0,9.2
2020-03-18,12.6,8.7
2020-03-19,10.8,10.8
2020-03-20,8.5,10.6
2020-03-21,12.1,18.7
2020-03-22,9.1,10.2
2020-03-23,2.8,11.6
2020-03-24,2.0,10.9
2020-03-25,-2.5,14.0
2020-03-26,-0.5,12.1
2020-03-27,6.1,9.8
2020-03-28,9.1,12.1
2020-03-29,6.2,9.4
2020-03-30,7.3,10.3
2020-03-31,11.0,10.9
2020-04-01,11.4,9.8
2020-04-02,9.3,7.6
2020-04-03,10.1,8.9
2020-04-04,13.4,9.8
2020-04-05,14.3,8.6
2020-04-06,11.3,10.9
2020-04-07,15.1,9.7
2020-04-08,5.8,15.2
2020-04-09,0.9,12.4
2020-04-10,-0.0,16.5
2020-04-11,7.5,17.3
2020-04-12,14.9,11.3
2020-04-13,12.2,10.5
2020-04-14,10.9,9.5
2020-04-15,7.3,15.6
2020-04-16,7.4,9.8
2020-04-17,9.8,7.6
2020-04-18,13.2,7.9
2020-04-19,15.2,8.4
2020-04-20,16.0,7.9
2020-04-21,16.5,10.8
2020-04-22,16.9,11.1
2020-04-23,17.5,9.3
2020-04-24,19.7,15.7
2020-04-25,20.3,14.8
2020-04-26,18.3,8.3
2020-04-27,21.2,17.3
2020-04-28,22.1,21.0
2020-04-29,17.2,11.5
2020-04-30,14.4,13.5
2020-05-01,16.5,11.7
2020-05-02,15.7,7.4
2020-05-03,17.8,14.6
2020-05-04,17.5,9.3
2020-05-05,15.1,13.0
2020-05-06,12.1,6.6
2020-05-07,15.2,8.9
2020-05-08,18.9,8.4
2020-05-09,18.4,16.3
2020-05-10,16.6,9.0
2020-05-11,17.8,8.6
2020-05-12,19.2,7.3
2020-05-13,19.6,8.2
2020-05-14,18.9,25.2
2020-05-15,13.9,8.9
2020-05-16,15.0,8.0
2020-05-17,16.0,6.6
2020-05-18,18.3,5.8
2020-05-19,12.9,9.4
2020-05-20,14.9,8.9
2020-05-21,17.4,12.7
2020-05-22,19.1,7.1
2020-05-23,20.3,8.7
2020-05-24,20.6,7.1
2020-05-25,21.3,9.2
2020-05-26,22.7,9.3
2020-05-27,23.8,13.0
2020-05-28,19.4,8.7
2020-05-29,19.8,8.2
2020-05-30,20.7,9.2
2020-05-31,21.8,9.2
2020-06-01,23.3,18.8
2020-06-02,24.5,15.6
2020-06-03,25.1,16.7
2020-06-04,25.6,17.7
2020-06-05,20.5,25.7
2020-06-06,16.8,5.2
2020-06-07,17.4,8.5
2020-06-08,17.5,9.4
2020-06-09,17.5,15.0
2020-06-10,18.4,17.0
2020-06-11,17.0,14.5
2020-06-12,18.9,11.0
2020-06-13,20.4,10.0
2020-06-14,22.6,11.3
2020-06-15,24.0,11.1
2020-06-16,24.9,16.5
2020-06-17,20.7,10.5
2020-06-18,19.7,9.8
2020-06-19,21.5,13.8
2020-06-20,19.3,21.5
2020-06-21,20.0,10.2
2020-06-22,23.6,6.4
2020-06-23,25.4,16.2
2020-06-24,25.9,22.8
2020-06-25,22.7,7.4
2020-06-26,25.2,14.5
2020-06-27,18.7,16.8
2020-06-28,15.0,9.6
2020-06-29,17.8,12.5
2020-06-30,20.1,6.5
2020-07-01,23.0,14.4
2020-07-02,23.7,17.7
2020-07-03,20.2,9.5
2020-07-04,18.4,13.2
2020-07-05,20.2,15.5
2020-07-06,18.8,8.9
2020-07-07,21.5,8.9
2020-07-08,24.7,8.4
2020-07-09,22.6,8.9
2020-07-10,22.6,13.0
2020-07-11,23.5,10.5
2020-07-12,22.8,8.6
2020-07-13,22.5,6.5
2020-07-14,23.7,9.4
2020-07-15,22.8,9.0
2020-07-16,26.0,8.0
2020-07-17,27.7,16.2
2020-07-18,28.9,13.6
2020-07-19,27.5,20.9
2020-07-20,27.4,17.0
2020-07-21,26.1,18.9
2020-07-22,25.5,23.1
2020-07-23,26.7,16.9
2020-07-24,25.2,17.7
2020-07-25,25.8,9.5
2020-07-26,26.6,14.9
2020-07-27,21.8,14.7
2020-07-28,23.7,10.1
2020-07-29,22.8,16.5
2020-07-30,22.5,11.2
2020-07-31,22.1,9.3
2020-08-01,24.0,9.9
2020-08-02,23.9,10.7
2020-08-03,22.3,12.2
2020-08-04,24.4,17.2
2020-08-05,26.1,12.1
2020-08-06,27.2,9.0
2020-08-07,26.6,8.6
2020-08-08,27.6,10.2
2020-08-09,24.6,17.0
2020-08-10,25.9,10.2
2020-08-11,25.9,17.8
2020-08-12,24.5,12.1
2020-08-13,21.9,20.9
2020-08-14,21.4,6.4
2020-08-15,23.9,9.1
2020-08-16,26.1,22.2
2020-08-17,27.2,11.3
2020-08-18,19.2,15.2
2020-08-19,21.1,8.1
2020-08-20,22.2,8.8
2020-08-21,22.3,14.0
2020-08-22,23.2,7.6
2020-08-23,25.1,8.3
2020-08-24,27.9,13.9
2020-08-25,25.6,18.7
2020-08-26,21.0,15.5
2020-08-27,14.0,14.8
2020-08-28,17.7,7.5
2020-08-29,20.0,10.2
2020-08-30,20.7,7.7
2020-08-31,23.8,10.3
2020-09-01,21.5,7.9
2020-09-02,24.4,7.2
2020-09-03,21.1,14.0
2020-09-04,22.9,18.7
2020-09-05,20.7,6.8
2020-09-06,20.5,17.4
2020-09-07,16.1,12.0
2020-09-08,14.9,9.2
2020-09-09,17.5,8.0
2020-09-10,16.1,8.7
2020-09-11,17.3,9.0
2020-09-12,19.6,24.8
2020-09-13,17.8,8.8
2020-09-14,18.4,6.9
2020-09-15,20.0,10.2
2020-09-16,20.5,6.5
2020-09-17,17.4,15.0
2020-09-18,11.9,12.6
2020-09-19,11.7,9.5
2020-09-20,14.9,10.6
2020-09-21,18.0,8.6
2020-09-22,16.3,14.1
2020-09-23,15.0,8.0
2020-09-24,15.8,10.2
2020-09-25,12.4,10.9
2020-09-26,9.0,6.9
2020-09-27,7.1,7.3
2020-09-28,8.3,9.7
2020-09-29,8.3,6.4
2020-09-30,8.7,10.8
2020-10-01,9.0,8.2
2020-10-02,9.9,7.4
2020-10-03,13.1,8.0
2020-10-04,13.6,5.9
2020-10-05,13.8,11.2
2020-10-06,6.8,14.8
2020-10-07,4.9,8.1
2020-10-08,9.9,9.3
2020-10-09,7.2,8.4
2020-10-10,5.8,5.8
2020-10-11,7.1,6.8
2020-10-12,9.8,6.5
2020-10-13,10.2,10.9
2020-10-14,10.6,6.9
2020-10-15,12.1,7.7
2020-10-16,13.0,6.1
2020-10-17,13.4,6.5
2020-10-18,13.6,9.2
2020-10-19,13.4,14.3
2020-10-20,13.7,12.4
2020-10-21,16.1,8.9
2020-10-22,12.3,17.3
2020-10-23,4.8,6.9
2020-10-24,5.2,6.2
2020-10-25,7.5,4.8
2020-10-26,9.5,10.9
2020-10-27,11.9,11.2
2020-10-28,4.1,10.6
2020-10-29,2.6,9.0
2020-10-30,4.3,8.2
2020-10-31,5.7,6.6
2020-11-01,7.4,6.5
2020-11-02,8.9,7.0
2020-11-03,9.9,10.1
2020-11-04,6.0,11.1
2020-11-05,4.3,12.9
2020-11-06,6.2,13.8
2020-11-07,8.1,7.0
2020-11-08,12.6,19.4
2020-11-09,4.8,15.1
2020-11-10,3.3,9.7
2020-11-11,5.6,11.3
2020-11-12,4.8,13.7
2020-11-13,-0.3,14.8
2020-11-14,-0.7,15.1
2020-11-15,-0.2,10.9
2020-11-16,-0.4,13.6
2020-11-17,-7.7,19.1
2020-11-18,-7.8,19.1
2020-11-19,-8.7,15.0
2020-11-20,-9.2,18.5
2020-11-21,-7.9,21.5
2020-11-22,-8.2,19.1
2020-11-23,-6.8,9.8
2020-11-24,-6.5,9.1
2020-11-25,-4.7,14.6
2020-11-26,-2.0,10.6
2020-11-27,-0.6,10.5
2020-11-28,-0.6,17.7
2020-11-29,-4.5,10.3
2020-11-30,-8.3,10.8
2020-12-01,-7.8,18.1
2020-12-02,-2.4,10.9
2020-12-03,2.0,6.5
2020-12-04,0.2,6.6
2020-12-05,-3.6,7.2
2020-12-06,-5.3,15.6
2020-12-07,-5.9,14.1
2020-12-08,-7.9,18.1
2020-12-09,-5.1,13.2
2020-12-10,-5.2,9.8
2020-12-11,-7.4,13.7
2020-12-12,-9.7,16.1
2020-12-13,-10.2,17.4
2020-12-14,-9.2,12.6
2020-12-15,-9.4,11.8
2020-12-16,-10.3,14.1
2020-12-17,-9.2,14.4
2020-12-18,-6.8,9.9
2020-12-19,-3.2,9.7
2020-12-20,-2.7,9.1
2020-12-21,-7.8,12.2
2020-12-22,-10.4,14.2
2020-12-23,-11.7,16.9
2020-12-24,-10.3,14.2
2020-12-25,-6.0,13.0
2020-12-26,-5.7,9.7
2020-12-27,-8.8,9.1
2020-12-28,-9.8,21.1
2020-12-29,-7.4,22.3
2020-12-30,-8.5,14.0
2020-12-31,-9.1,12.6
2021-01-01,-8.3,8.4
2021-01-02,-12.1,16.6
2021-01-03,-15.3,19.1
2021-01-04,-14.7,24.4
2021-01-05,-12.0,21.3
2021-01-06,-12.8,15.3
2021-01-07,-12.8,13.7
2021-01-08,-11.7,8.8
2021-01-09,-10.5,7.9
2021-01-10,-8.1,18.8
2021-01-11,-1.9,12.1
2021-01-12,0.3,12.1
2021-01-13,-4.1,12.0
2021-01-14,-9.6,14.3
2021-01-15,-9.4,20.2
2021-01-16,-1.4,22.6
2021-01-17,0.8,13.0
2021-01-18,-2.0,18.0
2021-01-19,2.9,9.4
2021-01-20,1.9,10.8
2021-01-21,2.6,10.5
2021-01-22,-2.6,15.4
2021-01-23,-10.6,10.4
2021-01-24,-4.9,8.4
2021-01-25,-8.9,16.1
2021-01-26,-7.9,13.8
2021-01-27,-8.2,17.0
2021-01-28,-8.3,16.3
2021-01-29,-7.1,13.7
2021-01-30,-3.0,15.6
2021-01-31,1.4,10.7
2021-02-01,4.0,8.9
2021-02-02,4.5,6.4
2021-02-03,3.4,6.8
2021-02-04,4.1,7.1
2021-02-05,5.0,9.3
2021-02-06,5.9,8.0
2021-02-07,2.8,9.7
2021-02-08,4.6,10.8
2021-02-09,-1.3,13.8
2021-02-10,-2.2,13.8
2021-02-11,1.1,6.5
2021-02-12,2.2,8.6
2021-02-13,0.1,14.2
2021-02-14,1.7,8.4
2021-02-15,4.0,9.1
2021-02-16,6.3,8.6
2021-02-17,6.6,9.5
2021-02-18,7.9,14.5
2021-02-19,9.8,13.6
2021-02-20,2.0,8.8
2021-02-21,-0.4,11.4
2021-02-22,2.1,9.5
2021-02-23,0.7,10.4
2021-02-24,-0.6,15.8
2021-02-25,-10.1,24.4
2021-02-26,-13.3,11.4
2021-02-27,-9.7,10.1
2021-02-28,-4.0,8.3
2021-03-01,2.2,8.9
2021-03-02,5.3,11.4
2021-03-03,-0.1,8.9
2021-03-04,2.5,13.2
2021-03-05,0.4,13.2
2021-03-06,3.1,11.4
2021-03-07,4.5,9.7
2021-03-08,4.8,7.3
2021-03-09,6.5,8.6
2021-03-10,8.7,7.9
2021-03-11,2.2,11.3
2021-03-12,5.3,16.3
2021-03-13,0.8,27.7
2021-03-14,-3.0,30.0
2021-03-15,-4.9,17.3
2021-03-16,-4.4,17.0
2021-03-17,-4.4,8.3
2021-03-18,-1.4,13.6
2021-03-19,4.8,14.3
2021-03-20,7.1,14.3
2021-03-21,2.6,10.2
2021-03-22,7.3,18.2
2021-03-23,10.0,15.6
2021-03-24,6.0,12.6
2021-03-25,12.4,13.0
2021-03-26,11.9,11.3
2021-03-27,13.5,13.5
2021-03-28,8.4,15.4
2021-03-29,3.4,11.7
2021-03-30,1.8,7.3
2021-03-31,3.2,9.2
2021-04-01,0.2,13.7
2021-04-02,-1.0,9.4
2021-04-03,2.3,11.0
2021-04-04,7.7,14.8
2021-04-05,7.5,13.4
2021-04-06,7.6,11.7
2021-04-07,8.7,8.9
2021-04-08,11.3,8.7
2021-04-09,12.4,8.4
2021-04-10,14.3,8.8
2021-04-11,14.3,11.3
2021-04-12,15.1,9.0
2021-04-13,14.9,7.9
2021-04-14,10.7,9.8
2021-04-15,13.8,8.3
2021-04-16,15.7,12.7
2021-04-17,14.7,20.7
2021-04-18,13.9,12.2
2021-04-19,15.1,10.9
2021-04-20,13.4,8.1
2021-04-21,3.0,14.2
2021-04-22,2.0,9.7
2021-04-23,3.7,12.6
2021-04-24,4.0,12.6
2021-04-25,12.3,8.8
2021-04-26,16.5,14.3
2021-04-27,17.8,14.3
2021-04-28,20.0,9.7
2021-04-29,21.6,11.0
2021-04-30,23.3,19.4
2021-05-01,11.4,12.3
2021-05-02,12.6,10.6
2021-05-03,17.3,14.3
2021-05-04,17.8,10.5
2021-05-05,20.3,8.9
2021-05-06,22.2,12.8
2021-05-07,18.3,11.0
2021-05-08,19.5,7.0
2021-05-09,20.2,14.3
2021-05-10,17.4,6.8
2021-05-11,17.1,17.2
2021-05-12,13.4,13.7
2021-05-13,14.4,8.9
2021-05-14,12.1,16.2
2021-05-15,11.7,9.0
2021-05-16,13.8,8.7
2021-05-17,16.5,8.9
2021-05-18,18.3,8.1
2021-05-19,20.8,15.3
2021-05-20,17.6,20.4
2021-05-21,15.4,5.8
2021-05-22,17.5,7.4
2021-05-23,20.7,7.8
2021-05-24,22.3,10.1
2021-05-25,22.9,10.9
2021-05-26,23.9,10.1
2021-05-27,23.4,13.7
2021-05-28,23.9,11.2
2021-05-29,22.7,9.4
2021-05-30,23.8,10.8
2021-05-31,24.7,9.2
2021-06-01,25.4,11.9
2021-06-02,26.4,17.9
2021-06-03,26.2,14.7
2021-06-04,26.0,30.7
2021-06-05,25.1,17.7
2021-06-06,20.9,10.2
2021-06-07,25.6,15.9
2021-06-08,26.6,22.0
2021-06-09,25.6,16.7
2021-06-10,23.5,16.9
2021-06-11,21.5,17.7
2021-06-12,20.8,8.3
2021-06-13,17.0,10.7
2021-06-14,18.0,6.0
2021-06-15,19.6,8.9
2021-06-16,21.2,15.9
2021-06-17,24.0,15.8
2021-06-18,24.1,16.5
2021-06-19,24.9,17.9
2021-06-20,16.8,10.0
2021-06-21,20.6,14.8
2021-06-22,19.2,15.5
2021-06-23,19.0,7.1
2021-06-24,21.8,19.7
2021-06-25,15.5,8.7
2021-06-26,19.1,8.3
2021-06-27,21.5,10.5
2021-06-28,24.2,8.4
2021-06-29,25.7,8.5
2021-06-30,26.2,7.5
2021-07-01,26.6,9.5
2021-07-02,27.6,9.9
2021-07-03,28.3,8.5
2021-07-04,28.6,19.4
2021-07-05,29.0,15.0
2021-07-06,28.8,18.8
2021-07-07,29.1,10.9
2021-07-08,30.1,10.7
2021-07-09,31.1,19.5
2021-07-10,27.3,17.8
2021-07-11,24.1,12.4
2021-07-12,24.9,9.8
2021-07-13,25.2,16.1
2021-07-14,22.6,12.4
2021-07-15,23.3,12.0
2021-07-16,20.5,10.9
2021-07-17,23.0,9.7
2021-07-18,24.5,13.6
2021-07-19,26.2,10.2
2021-07-20,26.9,11.2
2021-07-21,27.2,23.0
2021-07-22,26.6,10.5
2021-07-23,27.1,10.1
2021-07-24,29.0,9.1
2021-07-25,29.9,8.3
2021-07-26,30.8,9.9
2021-07-27,28.2,9.8
2021-07-28,25.8,11.9
2021-07-29,25.3,8.3
2021-07-30,21.7,14.5
2021-07-31,23.4,12.0
2021-08-01,24.6,10.3
2021-08-02,25.4,8.9
2021-08-03,27.1,16.3
2021-08-04,27.7,10.8
2021-08-05,27.4,10.1
2021-08-06,26.7,8.5
2021-08-07,26.7,8.9
2021-08-08,27.5,17.7
2021-08-09,27.5,20.9
2021-08-10,24.7,10.7
2021-08-11,25.8,10.1
2021-08-12,27.3,19.6
2021-08-13,22.1,14.6
2021-08-14,19.0,11.4
2021-08-15,16.0,9.8
2021-08-16,16.1,12.9
2021-08-17,18.8,7.3
2021-08-18,21.4,9.2
2021-08-19,22.5,20.5
2021-08-20,23.5,10.2
2021-08-21,22.7,10.0
2021-08-22,23.5,10.4
2021-08-23,25.6,9.7
2021-08-24,25.4,11.9
2021-08-25,24.9,12.4
2021-08-26,25.1,11.2
2021-08-27,25.1,22.8
2021-08-28,24.4,16.6
2021-08-29,24.1,10.8
2021-08-30,24.2,15.0
2021-08-31,24.2,20.9
2021-09-01,22.2,12.4
2021-09-02,22.0,10.9
2021-09-03,20.9,10.6
2021-09-04,22.7,9.8
2021-09-05,24.9,6.8
2021-09-06,27.3,7.7
2021-09-07,27.0,8.2
2021-09-08,26.7,9.4
2021-09-09,22.3,12.7
2021-09-10,15.2,11.0
2021-09-11,18.0,7.7
2021-09-12,18.9,8.0
2021-09-13,19.1,10.4
2021-09-14,19.7,8.0
2021-09-15,21.5,9.0
2021-09-16,22.4,13.2
2021-09-17,22.5,7.8
2021-09-18,24.5,9.4
2021-09-19,24.4,9.6
2021-09-20,16.2,9.8
2021-09-21,15.4,11.0
2021-09-22,15.4,8.7
2021-09-23,16.4,8.4
2021-09-24,13.0,9.0
2021-09-25,13.1,12.5
2021-09-26,18.8,8.3
2021-09-27,20.0,19.1
2021-09-28,17.2,10.3
2021-09-29,17.9,8.7
2021-09-30,18.0,11.9
2021-10-01,8.6,11.5
2021-10-02,3.7,12.6
2021-10-03,7.7,8.6
2021-10-04,9.7,8.9
2021-10-05,8.1,11.2
2021-10-06,-0.9,9.9
2021-10-07,0.0,9.2
2021-10-08,2.7,14.4
2021-10-09,7.0,15.0
2021-10-10,6.8,17.0
2021-10-11,7.9,8.0
2021-10-12,5.4,9.2
2021-10-13,4.4,18.3
2021-10-14,8.0,14.4
2021-10-15,10.0,9.3
2021-10-16,10.6,6.0
2021-10-17,10.8,6.5
2021-10-18,9.1,10.1
2021-10-19,11.4,10.6
2021-10-20,12.4,10.6
2021-10-21,12.3,16.6
2021-10-22,2.4,15.8
2021-10-23,3.8,9.3
2021-10-24,4.8,11.3
2021-10-25,8.2,19.2
2021-10-26,9.9,9.9
2021-10-27,10.8,9.5
2021-10-28,9.5,7.3
2021-10-29,6.8,8.7
2021-10-30,6.7,9.8
2021-10-31,8.1,13.0
2021-11-01,6.9,5.8
2021-11-02,7.7,9.8
2021-11-03,4.0,14.2
2021-11-04,-10.6,11.7
2021-11-05,-10.6,14.2
2021-11-06,-5.1,22.6
2021-11-07,-4.3,17.3
2021-11-08,-1.4,16.4
2021-11-09,2.6,7.6
2021-11-10,2.8,9.0
2021-11-11,3.7,7.6
2021-11-12,6.3,6.5
2021-11-13,5.9,6.7
2021-11-14,4.8,8.0
2021-11-15,1.0,9.8
2021-11-16,0.2,16.0
2021-11-17,2.1,22.1
2021-11-18,-4.2,14.1
2021-11-19,-3.9,12.2
2021-11-20,-2.9,25.5
2021-11-21,3.4,11.4
2021-11-22,6.0,9.7
2021-11-23,7.0,6.7
2021-11-24,6.7,6.1
2021-11-25,7.1,9.2
2021-11-26,-0.4,16.5
2021-11-27,-4.2,10.3
2021-11-28,-2.3,14.8
2021-11-29,0.9,8.7
2021-11-30,3.1,7.9
2021-12-01,5.1,7.2
2021-12-02,4.7,9.7
2021-12-03,8.3,11.7
2021-12-04,3.5,9.4
2021-12-05,1.7,13.4
2021-12-06,2.2,8.6
2021-12-07,2.7,9.4
2021-12-08,3.3,7.7
2021-12-09,-3.7,12.0
2021-12-10,-4.3,18.3
2021-12-11,0.3,17.6
2021-12-12,3.6,9.1
2021-12-13,1.2,6.2
2021-12-14,-1.2,6.4
2021-12-15,-1.6,7.2
2021-12-16,-3.2,8.8
2021-12-17,-0.7,12.2
2021-12-18,3.6,7.9
2021-12-19,5.8,8.9
2021-12-20,4.5,11.0
2021-12-21,3.4,8.3
2021-12-22,3.9,14.8
2021-12-23,4.3,10.9
2021-12-24,1.4,14.1
2021-12-25,1.4,12.1
2021-12-26,-0.7,10.2
2021-12-27,-1.3,8.4
2021-12-28,-4.1,13.0
2021-12-29,-1.5,10.6
2021-12-30,-4.1,13.9
2021-12-31,-2.9,17.0
2022-01-01,2.7,7.3
2022-01-02,1.5,7.1
2022-01-03,1.7,9.0
2022-01-04,2.8,11.7
2022-01-05,0.6,10.8
2022-01-06,-0.5,13.4
2022-01-07,0.2,8.4
2022-01-08,-1.5,16.4
2022-01-09,-2.1,11.5
2022-01-10,-3.8,14.7
2022-01-11,-3.2,14.2
2022-01-12,1.1,7.6
2022-01-13,1.6,8.7
2022-01-14,1.5,9.8
2022-01-15,3.0,11.8
2022-01-16,5.7,19.3
2022-01-17,1.8,12.8
2022-01-18,-0.4,9.1
2022-01-19,0.1,15.9
2022-01-20,0.0,13.2
2022-01-21,-3.1,14.7
2022-01-22,-1.6,5.5
2022-01-23,-3.2,10.8
2022-01-24,-2.6,6.9
2022-01-25,-4.8,7.5
2022-01-26,-2.5,6.6
2022-01-27,-2.2,7.3
2022-01-28,-4.2,11.7
2022-01-29,-0.1,7.9
2022-01-30,-0.6,4.9
2022-01-31,-2.4,6.7
2022-02-01,-2.9,8.7
2022-02-02,-3.4,15.8
2022-02-03,-1.0,6.5
2022-02-04,-2.9,9.2
2022-02-05,-2.0,11.1
2022-02-06,-1.2,12.0
2022-02-07,-0.2,8.6
2022-02-08,-3.2,9.7
2022-02-09,-2.5,9.2
2022-02-10,-2.7,9.4
2022-02-11,-3.0,10.7
2022-02-12,-0.2,9.5
2022-02-13,-4.0,12.3
2022-02-14,-2.0,12.6
2022-02-15,-3.7,10.4
2022-02-16,-7.3,9.4
2022-02-17,-9.6,9.8
2022-02-18,-8.1,22.1
2022-02-19,-3.6,14.8
2022-02-20,0.4,7.6
2022-02-21,1.6,8.3
2022-02-22,1.7,8.0
2022-02-23,4.6,10.7
2022-02-24,3.2,7.6
2022-02-25,4.3,7.2
2022-02-26,3.4,7.1
2022-02-27,3.0,7.4
2022-02-28,5.4,7.9
2022-03-01,6.1,7.9
2022-03-02,4.8,8.2
2022-03-03,4.9,8.4
2022-03-04,6.2,10.8
2022-03-05,7.5,16.3
2022-03-06,6.6,9.3
2022-03-07,3.7,12.6
2022-03-08,3.8,11.2
2022-03-09,3.7,15.6
2022-03-10,6.2,10.1
2022-03-11,6.8,10.8
2022-03-12,7.1,9.4
2022-03-13,8.9,13.0
2022-03-14,7.3,15.8
2022-03-15,1.9,15.5
2022-03-16,1.4,9.2
2022-03-17,3.5,16.6
2022-03-18,3.3,16.1
2022-03-19,-0.1,7.8
2022-03-20,0.3,9.8
2022-03-21,2.6,17.2
2022-03-22,1.3,15.4
2022-03-23,-0.7,10.7
2022-03-24,-0.7,10.6
2022-03-25,1.3,11.2
2022-03-26,8.2,12.8
2022-03-27,6.7,18.1
2022-03-28,6.0,13.0
2022-03-29,6.6,32.8
2022-03-30,3.3,11.5
2022-03-31,7.6,15.5
2022-04-01,11.9,8.2
2022-04-02,14.1,8.2
2022-04-03,13.9,11.3
2022-04-04,14.3,10.1
2022-04-05,16.2,9.0
2022-04-06,18.0,10.5
2022-04-07,19.5,38.6
2022-04-08,17.8,12.5
2022-04-09,13.5,12.2
2022-04-10,13.9,12.1
2022-04-11,15.3,11.6
2022-04-12,16.0,14.2
2022-04-13,16.0,9.0
2022-04-14,14.5,10.5
2022-04-15,15.3,8.1
2022-04-16,16.2,10.2
2022-04-17,18.1,13.5
2022-04-18,18.6,7.3
2022-04-19,18.7,15.1
2022-04-20,11.6,10.1
2022-04-21,12.3,4.9
2022-04-22,15.5,7.4
2022-04-23,17.6,18.3
2022-04-24,15.0,12.8
2022-04-25,12.3,8.7
2022-04-26,11.6,13.1
2022-04-27,11.3,11.2
2022-04-28,13.4,14.4
2022-04-29,16.2,15.3
2022-04-30,18.2,7.6
2022-05-01,19.9,15.0
2022-05-02,21.4,7.2
2022-05-03,20.1,16.6
2022-05-04,18.7,14.2
2022-05-05,15.9,9.8
2022-05-06,17.4,8.3
2022-05-07,18.4,8.6
2022-05-08,19.2,11.8
2022-05-09,17.3,10.0
2022-05-10,20.7,17.6
2022-05-11,15.5,9.8
2022-05-12,17.0,6.4
2022-05-13,18.4,9.4
2022-05-14,16.1,12.2
2022-05-15,14.8,9.7
2022-05-16,16.5,6.5
2022-05-17,18.5,5.5
2022-05-18,19.1,19.1
2022-05-19,18.3,10.5
2022-05-20,18.3,11.8
2022-05-21,18.2,16.6
2022-05-22,14.4,16.5
2022-05-23,10.7,13.6
2022-05-24,15.4,12.2
2022-05-25,20.0,18.0
2022-05-26,21.8,12.2
2022-05-27,22.3,11.0
2022-05-28,16.6,15.1
2022-05-29,12.8,6.8
2022-05-30,14.2,7.5
2022-05-31,14.8,14.5
2022-06-01,18.1,12.4
2022-06-02,17.5,12.4
2022-06-03,18.3,10.8
2022-06-04,16.0,18.6
2022-06-05,18.4,10.8
2022-06-06,19.5,7.1
2022-06-07,21.0,10.5
2022-06-08,22.3,9.4
2022-06-09,23.3,20.9
2022-06-10,23.5,14.7
2022-06-11,23.1,22.1
2022-06-12,23.1,24.3
2022-06-13,21.5,16.7
2022-06-14,22.4,10.5
2022-06-15,21.0,15.0
2022-06-16,21.1,11.6
2022-06-17,21.7,8.6
2022-06-18,20.9,18.7
2022-06-19,21.6,13.8
2022-06-20,22.7,15.4
2022-06-21,21.8,11.1
2022-06-22,24.1,10.0
2022-06-23,24.8,14.9
2022-06-24,21.3,16.5
2022-06-25,23.7,9.1
2022-06-26,25.8,8.7
2022-06-27,27.7,15.3
2022-06-28,26.6,10.5
2022-06-29,27.5,17.1
2022-06-30,28.4,25.8
2022-07-01,24.6,20.5
2022-07-02,24.2,20.1
2022-07-03,25.4,8.9
2022-07-04,28.7,19.1
2022-07-05,20.0,10.0
2022-07-06,23.6,13.0
2022-07-07,22.8,16.6
2022-07-08,22.3,11.9
2022-07-09,23.1,12.0
2022-07-10,24.0,10.5
2022-07-11,22.9,19.5
2022-07-12,22.7,15.5
2022-07-13,22.5,12.6
2022-07-14,22.9,10.2
2022-07-15,24.6,10.0
2022-07-16,26.8,9.5
2022-07-17,28.6,15.5
2022-07-18,26.3,14.6
2022-07-19,24.1,12.6
2022-07-20,25.6,13.0
2022-07-21,28.0,9.0
2022-07-22,29.7,9.4
2022-07-23,29.9,9.8
2022-07-24,28.9,12.3
2022-07-25,28.0,9.2
2022-07-26,28.6,8.6
2022-07-27,31.1,20.9
2022-07-28,28.3,18.7
2022-07-29,26.4,19.5
2022-07-30,22.3,15.2
2022-07-31,23.7,9.7
2022-08-01,23.9,8.2
2022-08-02,25.4,10.2
2022-08-03,24.7,12.4
2022-08-04,23.7,14.2
2022-08-05,25.1,11.2
2022-08-06,24.6,14.5
2022-08-07,23.8,12.1
2022-08-08,24.4,12.0
2022-08-09,24.4,10.5
2022-08-10,23.2,13.6
2022-08-11,24.1,13.2
2022-08-12,24.0,13.7
2022-08-13,24.2,8.2
2022-08-14,26.3,11.3
2022-08-15,27.3,9.2
2022-08-16,23.7,12.7
2022-08-17,21.0,10.1
2022-08-18,20.7,8.5
2022-08-19,21.0,13.9
2022-08-20,16.0,14.7
2022-08-21,16.0,7.0
2022-08-22,18.2,14.5
2022-08-23,19.6,8.4
2022-08-24,21.1,8.3
2022-08-25,19.8,7.8
2022-08-26,19.0,16.2
2022-08-27,19.9,8.1
2022-08-28,21.5,8.7
2022-08-29,20.4,12.3
2022-08-30,21.3,13.0
2022-08-31,21.9,10.1
2022-09-01,22.6,10.5
2022-09-02,23.2,12.7
2022-09-03,23.6,9.2
2022-09-04,23.6,9.3
2022-09-05,24.5,8.0
2022-09-06,26.1,18.5
2022-09-07,26.8,11.3
2022-09-08,25.0,11.6
2022-09-09,21.2,9.5
2022-09-10,24.4,11.6
2022-09-11,19.2,19.9
2022-09-12,16.3,9.3
2022-09-13,16.1,7.4
2022-09-14,15.0,11.2
2022-09-15,13.4,8.7
2022-09-16,15.9,7.5
2022-09-17,18.0,9.0
2022-09-18,19.9,7.8
2022-09-19,20.3,10.7
2022-09-20,21.0,9.3
2022-09-21,21.8,15.1
2022-09-22,22.2,20.1
2022-09-23,21.3,14.9
2022-09-24,20.9,9.5
2022-09-25,21.4,7.4
2022-09-26,22.6,12.5
2022-09-27,19.3,13.8
2022-09-28,16.2,10.3
2022-09-29,12.0,10.0
2022-09-30,6.8,8.6
2022-10-01,4.0,8.3
2022-10-02,7.3,11.5
2022-10-03,11.2,12.1
2022-10-04,13.9,8.3
2022-10-05,12.6,6.4
2022-10-06,13.2,7.9
2022-10-07,15.5,7.8
2022-10-08,16.8,8.8
2022-10-09,14.6,8.1
2022-10-10,9.0,8.9
2022-10-11,9.9,9.6
2022-10-12,12.5,9.7
2022-10-13,14.7,7.6
2022-10-14,15.8,6.1
2022-10-15,16.7,7.1
2022-10-16,16.3,8.7
2022-10-17,13.5,9.7
2022-10-18,9.2,10.7
2022-10-19,8.2,11.5
2022-10-20,8.5,11.3
2022-10-21,10.4,11.5
2022-10-22,13.7,8.0
2022-10-23,9.6,12.0
2022-10-24,5.2,9.2
2022-10-25,6.3,10.2
2022-10-26,8.9,25.4
2022-10-27,7.6,12.6
2022-10-28,4.6,10.8
2022-10-29,5.2,10.7
2022-10-30,8.4,20.1
2022-10-31,8.0,6.1
2022-11-01,7.4,8.2
2022-11-02,9.2,12.6
2022-11-03,7.3,7.1
2022-11-04,8.2,11.9
2022-11-05,9.4,8.4
2022-11-06,7.9,6.7
2022-11-07,7.4,12.0
2022-11-08,4.4,11.3
2022-11-09,0.5,7.3
2022-11-10,1.8,6.5
2022-11-11,2.2,7.4
2022-11-12,2.8,9.7
2022-11-13,2.3,6.0
2022-11-14,3.9,12.0
2022-11-15,3.4,10.7
2022-11-16,1.2,16.9
2022-11-17,-2.1,13.1
2022-11-18,-1.3,20.3
2022-11-19,3.0,9.5
2022-11-20,6.7,17.6
2022-11-21,5.2,13.1
2022-11-22,5.6,7.9
2022-11-23,3.9,7.5
2022-11-24,4.8,8.4
2022-11-25,8.1,9.4
2022-11-26,-1.3,14.2
2022-11-27,-11.9,15.5
2022-11-28,-12.8,14.7
2022-11-29,-6.8,16.1
2022-11-30,-2.3,12.2
2022-12-01,-1.7,23.0
2022-12-02,-3.9,8.1
2022-12-03,-6.1,12.5
2022-12-04,-6.7,11.9
2022-12-05,-7.4,14.8
2022-12-06,-7.1,10.2
2022-12-07,-6.9,15.5
2022-12-08,-6.5,14.2
2022-12-09,-8.8,13.7
2022-12-10,-13.7,14.4
2022-12-11,-11.4,20.7
2022-12-12,-10.0,19.9
2022-12-13,-8.0,18.0
2022-12-14,-6.0,14.8
2022-12-15,-7.4,15.5
2022-12-16,-0.2,12.3
2022-12-17,0.7,11.2
2022-12-18,-3.3,15.0
2022-12-19,-6.2,16.1
2022-12-20,-2.5,17.7
2022-12-21,0.2,11.2
2022-12-22,-5.5,7.2
2022-12-23,-8.7,12.0
2022-12-24,-9.7,18.3
2022-12-25,-9.0,17.8
2022-12-26,-6.9,16.5
2022-12-27,-0.2,8.7
2022-12-28,0.1,5.9
2022-12-29,-2.3,9.9
2022-12-30,-1.8,10.5
2022-12-31,-1.4,6.6
2023-01-01,-3.8,8.2
2023-01-02,-4.1,11.7
2023-01-03,-2.4,9.0
2023-01-04,-1.3,12.6
2023-01-05,0.6,10.7
2023-01-06,5.2,8.4
2023-01-07,0.3,11.2
2023-01-08,2.5,11.4
2023-01-09,1.1,11.0
2023-01-10,-4.6,13.3
2023-01-11,-12.4,9.8
2023-01-12,-19.5,9.0
2023-01-13,-22.3,19.0
2023-01-14,-20.9,16.5
2023-01-15,-18.5,18.9
2023-01-16,-14.2,18.6
2023-01-17,-13.6,13.2
2023-01-18,-13.0,20.6
2023-01-19,-11.3,16.9
2023-01-20,-11.6,14.3
2023-01-21,-9.7,10.8
2023-01-22,-11.7,17.6
2023-01-23,-10.2,26.6
2023-01-24,-9.9,11.1
2023-01-25,-10.3,10.0
2023-01-26,-10.5,18.2
2023-01-27,-9.0,16.4
2023-01-28,-8.4,17.7
2023-01-29,-5.7,12.0
2023-01-30,-6.1,14.1
2023-01-31,-2.4,12.5
2023-02-01,-3.1,14.0
2023-02-02,-2.8,16.8
2023-02-03,0.7,10.8
2023-02-04,-0.0,9.1
2023-02-05,0.9,11.5
2023-02-06,0.9,9.9
2023-02-07,-1.5,7.8
2023-02-08,-1.8,14.4
2023-02-09,0.0,9.8
2023-02-10,-5.5,10.8
2023-02-11,-8.2,11.8
2023-02-12,-5.8,10.5
2023-02-13,-7.4,21.7
2023-02-14,-6.0,12.6
2023-02-15,-2.5,8.7
2023-02-16,-4.3,16.0
2023-02-17,-2.5,10.9
2023-02-18,-0.3,6.9
2023-02-19,-1.3,9.8
2023-02-20,0.7,9.2
2023-02-21,2.2,8.3
2023-02-22,4.2,11.5
2023-02-23,5.6,11.8
2023-02-24,7.2,9.3
2023-02-25,1.2,17.7
2023-02-26,-6.0,15.3
2023-02-27,-4.0,13.7
2023-02-28,1.0,6.3
2023-03-01,6.1,7.3
2023-03-02,7.8,7.7
2023-03-03,9.3,12.2
2023-03-04,4.7,10.5
2023-03-05,8.9,13.0
2023-03-06,8.4,11.2
2023-03-07,9.9,11.3
2023-03-08,10.2,18.0
2023-03-09,3.4,10.2
2023-03-10,6.1,8.4
2023-03-11,12.0,14.2
2023-03-12,10.4,14.6
2023-03-13,5.1,10.9
2023-03-14,5.2,9.5
2023-03-15,8.5,10.9
2023-03-16,3.9,10.0
2023-03-17,3.2,10.1
2023-03-18,-2.6,6.6
2023-03-19,1.3,13.7
2023-03-20,0.7,10.4
2023-03-21,1.4,17.4
2023-03-22,4.3,12.1
2023-03-23,7.7,11.3
2023-03-24,8.7,8.3
2023-03-25,9.7,6.9
2023-03-26,12.7,12.0
2023-03-27,11.5,9.4
2023-03-28,11.4,10.5
2023-03-29,14.5,7.1
2023-03-30,11.9,11.2
2023-03-31,6.8,14.8
2023-04-01,1.6,12.5
2023-04-02,2.0,14.3
2023-04-03,5.2,14.0
2023-04-04,8.3,13.5
2023-04-05,12.6,8.2
2023-04-06,11.5,15.8
2023-04-07,11.4,28.4
2023-04-08,11.3,9.4
2023-04-09,11.5,18.7
2023-04-10,11.5,11.6
2023-04-11,9.7,16.1
2023-04-12,9.1,8.2
2023-04-13,12.0,13.0
2023-04-14,16.1,14.9
2023-04-15,14.5,16.6
2023-04-16,13.5,12.4
2023-04-17,9.8,19.1
2023-04-18,1.4,13.7
2023-04-19,3.7,7.3
2023-04-20,6.3,6.1
2023-04-21,5.0,10.9
2023-04-22,6.5,11.5
2023-04-23,12.7,10.9
2023-04-24,15.8,11.0
2023-04-25,12.7,10.8
2023-04-26,11.9,10.5
2023-04-27,14.2,9.9
2023-04-28,16.5,12.4
2023-04-29,17.5,22.1
2023-04-30,17.1,21.0
2023-05-01,14.3,14.8
2023-05-02,9.7,9.1
2023-05-03,5.7,13.0
2023-05-04,5.0,7.4
2023-05-05,6.9,11.3
2023-05-06,10.0,16.6
2023-05-07,10.8,11.2
2023-05-08,13.8,10.7
2023-05-09,15.6,10.5
2023-05-10,17.6,13.0
2023-05-11,19.9,10.7
2023-05-12,20.7,10.6
2023-05-13,19.6,14.5
2023-05-14,18.8,20.9
2023-05-15,19.3,8.0
2023-05-16,18.8,9.7
2023-05-17,22.0,13.0
2023-05-18,16.2,16.2
2023-05-19,16.6,11.4
2023-05-20,17.5,18.0
2023-05-21,17.5,14.1
2023-05-22,15.6,13.7
2023-05-23,15.4,10.4
2023-05-24,15.1,9.9
2023-05-25,15.9,11.6
2023-05-26,16.2,12.7
2023-05-27,17.3,20.2
2023-05-28,15.9,14.5
2023-05-29,14.5,6.6
2023-05-30,16.5,6.5
2023-05-31,18.6,7.5
2023-06-01,17.4,10.8
2023-06-02,19.0,8.5
2023-06-03,19.7,21.1
2023-06-04,21.9,20.2
2023-06-05,23.2,17.0
2023-06-06,24.2,15.5
2023-06-07,24.7,19.6
2023-06-08,25.6,12.1
2023-06-09,26.3,11.6
2023-06-10,26.1,16.9
2023-06-11,23.3,13.1
2023-06-12,21.6,10.1
2023-06-13,22.2,17.7
2023-06-14,24.6,11.6
2023-06-15,22.4,9.5
2023-06-16,21.8,8.9
2023-06-17,23.7,9.2
2023-06-18,24.6,25.2
2023-06-19,26.2,27.4
2023-06-20,23.9,19.1
2023-06-21,23.1,19.0
2023-06-22,21.8,10.9
2023-06-23,23.6,11.7
2023-06-24,22.7,13.0
2023-06-25,21.3,19.0
2023-06-26,22.5,9.5
2023-06-27,24.7,16.3
2023-06-28,24.3,14.3
2023-06-29,21.2,8.8
2023-06-30,20.9,8.9
2023-07-01,23.1,11.9
2023-07-02,26.1,11.3
2023-07-03,26.4,21.1
2023-07-04,25.5,21.2
2023-07-05,22.3,17.9
2023-07-06,21.7,13.7
2023-07-07,22.0,11.5
2023-07-08,21.2,9.4
2023-07-09,21.7,8.4
2023-07-10,22.6,12.1
2023-07-11,24.1,6.8
2023-07-12,26.6,7.4
2023-07-13,29.9,8.7
2023-07-14,31.3,19.3
2023-07-15,28.2,10.2
2023-07-16,27.1,5.7
2023-07-17,28.8,11.4
2023-07-18,29.2,9.8
2023-07-19,30.9,12.5
2023-07-20,27.2,12.5
2023-07-21,25.4,21.3
2023-07-22,26.9,8.4
2023-07-23,28.4,9.5
2023-07-24,28.3,9.4
2023-07-25,29.6,7.5
2023-07-26,29.7,9.7
2023-07-27,29.8,14.6
2023-07-28,25.0,11.2
2023-07-29,26.4,9.3
2023-07-30,26.8,11.2
2023-07-31,27.1,16.0
2023-08-01,28.6,15.4
2023-08-02,27.7,17.0
2023-08-03,27.9,15.1
2023-08-04,28.7,9.9
2023-08-05,29.7,10.0
2023-08-06,28.3,23.2
2023-08-07,23.1,8.0
2023-08-08,23.5,18.0
2023-08-09,25.6,17.2
2023-08-10,27.9,13.6
2023-08-11,26.6,17.9
2023-08-12,21.0,18.4
2023-08-13,19.3,17.4
2023-08-14,15.9,7.6
2023-08-15,18.0,18.8
2023-08-16,20.4,6.9
2023-08-17,22.7,13.2
2023-08-18,23.2,10.9
2023-08-19,23.7,7.1
2023-08-20,24.9,8.1
2023-08-21,26.2,7.9
2023-08-22,25.7,11.8
2023-08-23,25.9,17.1
2023-08-24,25.8,14.4
2023-08-25,27.2,13.7
2023-08-26,26.0,13.0
2023-08-27,23.6,21.9
2023-08-28,16.8,8.4
2023-08-29,17.9,8.3
2023-08-30,22.8,10.2
2023-08-31,16.4,12.3
2023-09-01,16.4,10.1
2023-09-02,19.4,8.8
2023-09-03,21.4,6.2
2023-09-04,17.4,17.4
2023-09-05,18.0,7.7
2023-09-06,18.8,6.4
2023-09-07,19.5,5.4
2023-09-08,19.4,8.9
2023-09-09,21.6,28.2
2023-09-10,21.6,8.4
2023-09-11,25.6,34.2
2023-09-12,17.6,12.1
2023-09-13,17.6,9.8
2023-09-14,16.1,9.0
2023-09-15,12.5,9.0
2023-09-16,14.9,7.6
2023-09-17,15.7,7.6
2023-09-18,16.5,7.9
2023-09-19,17.9,7.2
2023-09-20,15.2,11.1
2023-09-21,16.3,8.7
2023-09-22,10.8,12.6
2023-09-23,13.1,5.9
2023-09-24,13.3,10.8
2023-09-25,11.8,6.0
2023-09-26,13.4,4.7
2023-09-27,15.8,6.4
2023-09-28,17.9,7.6
2023-09-29,17.2,7.0
2023-09-30,15.9,7.6
2023-10-01,15.3,6.8
2023-10-02,16.6,15.5
2023-10-03,14.7,8.4
2023-10-04,15.3,8.6
2023-10-05,16.7,10.5
2023-10-06,15.5,10.4
2023-10-07,15.9,12.3
2023-10-08,13.1,6.8
2023-10-09,14.4,9.7
2023-10-10,16.7,6.0
2023-10-11,19.1,10.6
2023-10-12,18.1,9.5
2023-10-13,10.2,18.4
2023-10-14,5.7,7.2
2023-10-15,6.4,7.9
2023-10-16,7.8,8.7
2023-10-17,9.6,14.7
2023-10-18,11.7,7.9
2023-10-19,13.1,7.6
2023-10-20,13.5,7.1
2023-10-21,14.4,10.6
2023-10-22,12.9,10.0
2023-10-23,11.0,10.1
2023-10-24,9.4,9.7
2023-10-25,11.7,7.3
2023-10-26,13.2,9.8
2023-10-27,9.1,9.8
2023-10-28,9.7,7.9
2023-10-29,14.3,12.5
2023-10-30,15.8,9.5
2023-10-31,10.3,14.6
2023-11-01,7.4,10.5
2023-11-02,6.8,9.3
2023-11-03,6.9,7.6
2023-11-04,7.2,13.6
2023-11-05,10.2,7.2
2023-11-06,4.7,10.0
2023-11-07,4.7,12.3
2023-11-08,8.7,9.7
2023-11-09,7.0,13.0
2023-11-10,5.1,6.5
2023-11-11,5.2,10.2
2023-11-12,5.5,11.8
2023-11-13,3.0,9.4
2023-11-14,1.8,13.9
2023-11-15,4.4,11.7
2023-11-16,7.3,7.8
2023-11-17,8.7,8.3
2023-11-18,12.1,9.1
2023-11-19,7.1,13.4
2023-11-20,5.9,11.6
2023-11-21,4.0,16.5
2023-11-22,8.0,15.9
2023-11-23,5.7,8.2
2023-11-24,4.6,11.1
2023-11-25,6.2,9.4
2023-11-26,5.3,12.5
2023-11-27,7.7,8.0
2023-11-28,8.2,7.1
2023-11-29,7.8,9.6
2023-11-30,5.5,9.9
2023-12-01,3.1,7.6
2023-12-02,5.4,7.1
2023-12-03,6.4,7.9
2023-12-04,6.7,8.6
2023-12-05,6.0,10.1
2023-12-06,9.6,9.2
2023-12-07,0.5,12.1
2023-12-08,-2.5,11.7
2023-12-09,-5.0,7.9
2023-12-10,-6.6,13.0
2023-12-11,-5.3,7.1
2023-12-12,-14.1,14.5
2023-12-13,-22.8,14.5
2023-12-14,-19.1,20.3
2023-12-15,-13.4,22.1
2023-12-16,-5.6,12.9
2023-12-17,-4.4,11.3
2023-12-18,-3.1,9.8
2023-12-19,-0.4,15.5
2023-12-20,-2.3,10.1
2023-12-21,-3.7,10.9
2023-12-22,-2.9,21.0
2023-12-23,2.7,16.4
2023-12-24,5.0,7.4
2023-12-25,2.5,9.7
2023-12-26,2.7,17.7
2023-12-27,1.4,17.3
2023-12-28,2.0,11.8
2023-12-29,3.0,16.7
2023-12-30,-3.4,7.9
2023-12-31,-2.7,6.5
2024-01-01,-0.1,8.0
2024-01-02,3.1,12.0
2024-01-03,-3.1,11.9
2024-01-04,-1.7,12.1
2024-01-05,3.1,7.9
2024-01-06,2.1,11.3
2024-01-07,2.5,8.5
2024-01-08,3.4,8.3
2024-01-09,3.9,8.5
2024-01-10,5.9,9.8
2024-01-11,0.7,22.3
2024-01-12,-3.4,13.8
2024-01-13,1.8,14.5
2024-01-14,3.3,11.5
2024-01-15,-5.2,15.5
2024-01-16,-6.8,12.0
2024-01-17,-8.4,12.6
2024-01-18,-9.9,16.2
2024-01-19,-2.9,11.4
2024-01-20,-7.3,10.4
2024-01-21,-10.8,10.6
2024-01-22,-10.3,13.5
2024-01-23,-3.5,12.4
2024-01-24,-1.9,7.2
2024-01-25,-1.1,9.3
2024-01-26,-3.1,11.8
2024-01-27,-6.3,15.0
2024-01-28,-5.1,15.1
2024-01-29,-5.5,16.7
2024-01-30,-1.0,9.2
2024-01-31,-4.0,6.5
2024-02-01,-6.2,10.0
2024-02-02,-5.3,10.1
2024-02-03,-7.3,14.7
2024-02-04,-4.1,12.0
2024-02-05,-3.8,4.7
2024-02-06,-3.0,9.4
2024-02-07,-2.4,11.1
2024-02-08,0.4,12.4
2024-02-09,1.5,10.1
2024-02-10,3.5,9.0
2024-02-11,5.4,11.4
2024-02-12,-1.9,11.0
2024-02-13,-4.0,7.9
2024-02-14,1.6,7.3
2024-02-15,7.1,9.7
2024-02-16,-4.8,11.6
2024-02-17,-21.0,15.6
2024-02-18,-18.7,18.1
2024-02-19,-20.0,16.6
2024-02-20,-18.1,15.3
2024-02-21,-11.9,12.1
2024-02-22,-6.9,8.0
2024-02-23,-4.6,14.2
2024-02-24,-7.0,10.3
2024-02-25,-9.2,8.2
2024-02-26,-10.2,8.7
2024-02-27,-8.9,8.4
2024-02-28,-8.5,13.7
2024-02-29,-7.3,14.8
2024-03-01,-6.4,18.9
2024-03-02,-4.0,8.1
2024-03-03,-3.5,7.6
2024-03-04,-4.2,8.6
2024-03-05,-4.4,7.2
2024-03-06,-0.9,10.1
2024-03-07,2.6,8.4
2024-03-08,4.0,10.1
2024-03-09,4.4,11.9
2024-03-10,5.4,8.0
2024-03-11,4.5,9.7
2024-03-12,5.6,13.3
2024-03-13,0.1,9.0
2024-03-14,0.0,20.2
2024-03-15,-5.0,9.7
2024-03-16,-1.5,10.0
2024-03-17,1.5,15.1
2024-03-18,7.6,7.3
2024-03-19,9.3,9.7
2024-03-20,8.3,11.8
2024-03-21,7.4,19.3
2024-03-22,8.1,11.0
2024-03-23,7.9,10.1
2024-03-24,10.7,8.0
2024-03-25,12.3,12.3
2024-03-26,12.3,11.6
2024-03-27,15.7,11.5
2024-03-28,14.3,20.3
2024-03-29,9.1,16.4
2024-03-30,6.1,14.3
2024-03-31,3.7,10.5
2024-04-01,6.2,12.9
2024-04-02,8.5,7.7
2024-04-03,11.1,8.2
2024-04-04,10.0,6.8
2024-04-05,11.2,9.1
2024-04-06,11.7,17.1
2024-04-07,9.6,9.9
2024-04-08,12.8,9.0
2024-04-09,10.4,21.7
2024-04-10,10.4,10.1
2024-04-11,13.3,9.2
2024-04-12,9.4,11.5
2024-04-13,9.5,9.3
2024-04-14,14.5,7.1
2024-04-15,14.2,10.9
2024-04-16,11.3,10.0
2024-04-17,12.0,6.1
2024-04-18,12.5,9.2
2024-04-19,15.0,6.7
2024-04-20,16.5,9.4
2024-04-21,13.4,8.7
2024-04-22,16.4,9.2
2024-04-23,16.6,9.8
2024-04-24,15.7,13.7
2024-04-25,15.1,14.2
2024-04-26,9.8,9.5
2024-04-27,7.7,9.2
2024-04-28,7.1,6.9
2024-04-29,11.7,6.2
2024-04-30,14.1,8.3
2024-05-01,14.6,19.6
2024-05-02,13.7,15.8
2024-05-03,17.0,8.2
2024-05-04,19.6,6.6
2024-05-05,18.7,16.3
2024-05-06,15.8,8.2
2024-05-07,18.0,8.7
2024-05-08,19.7,6.1
2024-05-09,21.2,9.9
2024-05-10,18.9,14.0
2024-05-11,15.0,10.7
2024-05-12,15.0,6.4
2024-05-13,17.2,6.4
2024-05-14,19.7,9.1
2024-05-15,22.1,8.7
2024-05-16,21.2,15.9
2024-05-17,17.8,6.3
2024-05-18,18.7,20.4
2024-05-19,19.1,13.7
2024-05-20,13.1,9.2
2024-05-21,14.5,9.9
2024-05-22,15.7,6.0
2024-05-23,15.4,7.4
2024-05-24,17.8,17.7
2024-05-25,19.6,12.3
2024-05-26,9.8,19.2
2024-05-27,13.4,10.4
2024-05-28,17.0,12.1
2024-05-29,15.6,5.5
2024-05-30,17.3,7.4
2024-05-31,18.8,7.6
2024-06-01,19.3,6.9
2024-06-02,20.9,18.5
2024-06-03,18.6,17.5
2024-06-04,18.0,7.2
2024-06-05,19.3,6.8
2024-06-06,20.2,12.4
2024-06-07,22.1,11.4
2024-06-08,23.3,9.2
2024-06-09,23.4,8.7
2024-06-10,24.3,16.1
2024-06-11,23.9,12.5
2024-06-12,22.0,16.1
2024-06-13,19.3,12.6
2024-06-14,19.6,12.8
2024-06-15,21.7,8.9
2024-06-16,23.6,6.6
2024-06-17,23.4,9.4
2024-06-18,23.3,18.8
2024-06-19,22.4,7.7
2024-06-20,23.6,8.6
2024-06-21,26.1,15.1
2024-06-22,24.5,13.8
2024-06-23,25.3,16.3
2024-06-24,24.9,13.0
2024-06-25,25.0,7.9
2024-06-26,26.1,11.9
2024-06-27,28.0,9.5
2024-06-28,28.9,16.9
2024-06-29,25.8,23.6
2024-06-30,23.9,14.3
2024-07-01,22.4,12.0
2024-07-02,19.4,22.2
2024-07-03,21.3,6.9
2024-07-04,23.3,9.9
2024-07-05,21.5,15.0
2024-07-06,21.8,13.3
2024-07-07,23.7,11.6
2024-07-08,22.1,12.9
2024-07-09,23.1,19.7
2024-07-10,23.9,11.0
2024-07-11,22.9,9.5
2024-07-12,24.3,10.4
2024-07-13,24.2,13.2
2024-07-14,25.3,16.5
2024-07-15,24.2,11.9
2024-07-16,22.3,7.0
2024-07-17,24.0,9.4
2024-07-18,22.7,16.6
2024-07-19,24.2,16.3
2024-07-20,24.7,19.8
2024-07-21,25.8,5.7
2024-07-22,25.9,7.4
2024-07-23,27.3,16.9
2024-07-24,27.0,11.0
2024-07-25,27.3,11.5
2024-07-26,28.4,9.6
2024-07-27,29.2,9.1
2024-07-28,29.6,10.0
2024-07-29,28.7,11.1
2024-07-30,29.1,17.4
2024-07-31,26.6,6.8
2024-08-01,27.7,6.8
2024-08-02,28.9,13.9
2024-08-03,28.3,17.4
2024-08-04,27.8,13.5
2024-08-05,28.7,8.6
2024-08-06,25.6,11.2
2024-08-07,26.0,8.2
2024-08-08,27.1,7.8
2024-08-09,29.0,28.9
2024-08-10,27.2,21.6
2024-08-11,24.2,9.4
2024-08-12,25.3,9.8
