ds,temp,wind_speed,humidity,pressure
2020-02-10,5.60,10.10,78.29,918.64
2020-02-11,-3.50,16.20,90.83,924.91
2020-02-12,-1.20,20.80,68.04,918.59
2020-02-13,-0.60,12.30,86.62,927.45
2020-02-14,-2.50,11.00,91.33,932.97
2020-02-15,0.10,12.70,67.29,923.14
2020-02-16,-0.90,19.00,75.21,938.17
2020-02-17,-2.60,10.20,72.21,933.69
2020-02-18,-3.50,5.80,77.50,933.82
2020-02-19,-6.30,13.80,89.92,939.45
2020-02-20,-4.10,21.60,72.33,927.93
2020-02-21,2.30,17.10,50.62,917.42
2020-02-22,7.30,12.20,40.12,923.47
2020-02-23,0.80,10.50,90.79,928.42
2020-02-24,3.10,6.10,75.75,924.78
2020-02-25,5.30,9.10,68.62,924.82
2020-02-26,6.70,14.90,48.17,918.57
2020-02-27,3.10,12.80,82.38,926.13
2020-02-28,-0.70,11.30,85.04,931.70
2020-02-29,2.00,16.00,70.46,925.88
2020-03-01,6.50,10.70,41.25,921.38
2020-03-02,9.60,7.60,32.42,920.83
2020-03-03,6.10,13.30,62.96,923.69
2020-03-04,1.20,9.40,77.62,926.36
2020-03-05,4.20,12.40,65.08,919.28
2020-03-06,2.70,8.80,86.92,925.12
2020-03-07,-5.20,11.00,80.88,935.08
2020-03-08,-9.90,18.80,63.54,937.74
2020-03-09,-1.50,18.40,47.96,930.61
2020-03-10,0.50,8.90,48.08,928.75
2020-03-11,2.00,7.50,43.04,928.98
2020-03-12,3.30,12.70,51.17,925.70
2020-03-13,5.50,9.50,50.58,926.85
2020-03-14,10.10,5.40,31.33,925.92
2020-03-15,10.30,12.20,34.08,924.02
2020-03-16,10.70,7.20,30.33,922.50
2020-03-17,14.00,9.20,26.04,924.35
2020-03-18,12.60,8.70,65.71,929.44
2020-03-19,10.80,10.80,75.50,923.98
2020-03-20,8.50,10.60,75.42,920.40
2020-03-21,12.10,18.70,58.67,917.90
2020-03-22,9.10,10.20,72.21,927.76
2020-03-23,2.80,11.60,90.42,928.88
2020-03-24,2.00,10.90,64.00,926.68
2020-03-25,-2.50,14.00,62.33,930.33
2020-03-26,-0.50,12.10,57.54,929.44
2020-03-27,6.10,9.80,53.25,926.38
2020-03-28,9.10,12.10,50.08,924.68
2020-03-29,6.20,9.40,53.62,927.49
2020-03-30,7.30,10.30,47.83,922.71
2020-03-31,11.00,10.90,46.29,915.48
2020-04-01,11.40,9.80,59.58,917.98
2020-04-02,9.30,7.60,84.92,925.98
2020-04-03,10.10,8.90,78.58,927.02
2020-04-04,13.40,9.80,45.50,925.53
2020-04-05,14.30,8.60,39.33,923.57
2020-04-06,11.30,10.90,62.79,924.30
2020-04-07,15.10,9.70,60.08,921.85
2020-04-08,5.80,15.20,87.83,924.66
2020-04-09,0.90,12.40,90.71,933.09
2020-04-10,-0.00,16.50,75.50,931.81
2020-04-11,7.50,17.30,60.71,923.74
2020-04-12,14.90,11.30,55.29,921.13
2020-04-13,12.20,10.50,82.54,922.04
2020-04-14,10.90,9.50,82.96,924.80
2020-04-15,7.30,15.60,89.88,929.85
2020-04-16,7.40,9.80,76.50,927.69
2020-04-17,9.80,7.60,72.12,922.76
2020-04-18,13.20,7.90,45.62,924.97
2020-04-19,15.20,8.40,42.96,925.62
2020-04-20,16.00,7.90,42.96,923.72
2020-04-21,16.50,10.80,42.75,922.18
2020-04-22,16.90,11.10,43.50,921.38
2020-04-23,17.50,9.30,40.79,921.49
2020-04-24,19.70,15.70,38.21,916.77
2020-04-25,20.30,14.80,44.62,922.27
2020-04-26,18.30,8.30,61.46,923.60
2020-04-27,21.20,17.30,44.71,919.23
2020-04-28,22.10,21.00,43.12,916.76
2020-04-29,17.20,11.50,64.25,924.41
2020-04-30,14.40,13.50,71.58,926.95
2020-05-01,16.50,11.70,54.62,925.02
2020-05-02,15.70,7.40,65.62,919.09
2020-05-03,17.80,14.60,57.75,919.39
2020-05-04,17.50,9.30,54.83,922.67
2020-05-05,15.10,13.00,50.88,925.28
2020-05-06,12.10,6.60,45.21,928.02
2020-05-07,15.20,8.90,47.83,920.99
2020-05-08,18.90,8.40,47.38,916.24
2020-05-09,18.40,16.30,55.54,919.78
2020-05-10,16.60,9.00,71.50,925.10
2020-05-11,17.80,8.60,55.12,921.62
2020-05-12,19.20,7.30,47.38,920.05
2020-05-13,19.60,8.20,54.88,917.00
2020-05-14,18.90,25.20,64.25,918.82
2020-05-15,13.90,8.90,69.58,926.66
2020-05-16,15.00,8.00,67.00,922.97
2020-05-17,16.00,6.60,65.12,922.32
2020-05-18,18.30,5.80,56.71,919.91
2020-05-19,12.90,9.40,82.83,924.78
2020-05-20,14.90,8.90,66.54,926.39
2020-05-21,17.40,12.70,57.50,927.51
2020-05-22,19.10,7.10,51.83,928.43
2020-05-23,20.30,8.70,46.21,927.65
2020-05-24,20.60,7.10,46.42,927.01
2020-05-25,21.30,9.20,53.38,927.35
2020-05-26,22.70,9.30,50.67,923.37
2020-05-27,23.80,13.00,39.33,922.56
2020-05-28,19.40,8.70,51.12,922.43
2020-05-29,19.80,8.20,45.29,919.97
2020-05-30,20.70,9.20,40.21,920.67
2020-05-31,21.80,9.20,37.71,921.47
2020-06-01,23.30,18.80,35.17,919.29
2020-06-02,24.50,15.60,35.21,919.01
2020-06-03,25.10,16.70,32.88,918.95
2020-06-04,25.60,17.70,29.79,916.02
2020-06-05,20.50,25.70,56.88,919.62
2020-06-06,16.80,5.20,37.38,924.04
2020-06-07,17.40,8.50,35.62,922.73
2020-06-08,17.50,9.40,49.67,919.99
2020-06-09,17.50,15.00,60.04,922.93
2020-06-10,18.40,17.00,49.38,923.01
2020-06-11,17.00,14.50,59.50,922.71
2020-06-12,18.90,11.00,38.42,919.60
2020-06-13,20.40,10.00,36.71,917.64
2020-06-14,22.60,11.30,35.04,918.53
2020-06-15,24.00,11.10,33.96,918.05
2020-06-16,24.90,16.50,30.46,915.60
2020-06-17,20.70,10.50,39.42,916.95
2020-06-18,19.70,9.80,38.67,919.36
2020-06-19,21.50,13.80,34.21,918.49
2020-06-20,19.30,21.50,41.83,920.28
2020-06-21,20.00,10.20,31.17,920.01
2020-06-22,23.60,6.40,36.25,913.07
2020-06-23,25.40,16.20,33.54,914.17
2020-06-24,25.90,22.80,23.96,919.30
2020-06-25,22.70,7.40,34.25,919.06
2020-06-26,25.20,14.50,29.17,913.14
2020-06-27,18.70,16.80,55.00,916.70
2020-06-28,15.00,9.60,57.67,923.72
2020-06-29,17.80,12.50,50.79,922.06
2020-06-30,20.10,6.50,54.88,916.08
2020-07-01,23.00,14.40,44.25,916.42
2020-07-02,23.70,17.70,40.12,916.59
2020-07-03,20.20,9.50,46.04,922.42
2020-07-04,18.40,13.20,60.17,919.99
2020-07-05,20.20,15.50,51.04,916.85
2020-07-06,18.80,8.90,59.38,917.31
2020-07-07,21.50,8.90,47.92,918.30
2020-07-08,24.70,8.40,44.71,918.00
2020-07-09,22.60,8.90,51.25,916.02
2020-07-10,22.60,13.00,46.17,915.67
2020-07-11,23.50,10.50,42.21,916.63
2020-07-12,22.80,8.60,45.58,918.37
2020-07-13,22.50,6.50,41.00,917.75
2020-07-14,23.70,9.40,38.96,917.71
2020-07-15,22.80,9.00,41.46,918.92
2020-07-16,26.00,8.00,36.88,916.00
2020-07-17,27.70,16.20,32.00,914.28
2020-07-18,28.90,13.60,28.42,916.39
2020-07-19,27.50,20.90,30.00,917.35
2020-07-20,27.40,17.00,26.38,912.70
2020-07-21,26.10,18.90,31.25,913.60
2020-07-22,25.50,23.10,31.50,916.44
2020-07-23,26.70,16.90,28.25,916.10
2020-07-24,25.20,17.70,40.29,918.67
2020-07-25,25.80,9.50,46.42,922.02
2020-07-26,26.60,14.90,37.54,920.29
2020-07-27,21.80,14.70,56.04,920.75
2020-07-28,23.70,10.10,36.58,917.72
2020-07-29,22.80,16.50,44.29,919.16
2020-07-30,22.50,11.20,40.75,921.49
2020-07-31,22.10,9.30,47.54,918.33
2020-08-01,24.00,9.90,49.38,917.87
2020-08-02,23.90,10.70,46.38,917.69
2020-08-03,22.30,12.20,54.62,916.02
2020-08-04,24.40,17.20,40.62,913.71
2020-08-05,26.10,12.10,35.12,915.72
2020-08-06,27.20,9.00,35.75,918.60
2020-08-07,26.60,8.60,37.62,918.33
2020-08-08,27.60,10.20,34.54,915.67
2020-08-09,24.60,17.00,46.12,915.36
2020-08-10,25.90,10.20,34.33,915.75
2020-08-11,25.90,17.80,33.38,915.68
2020-08-12,24.50,12.10,38.88,916.74
2020-08-13,21.90,20.90,38.88,918.13
2020-08-14,21.40,6.40,42.21,917.73
2020-08-15,23.90,9.10,27.21,916.56
2020-08-16,26.10,22.20,29.33,915.79
2020-08-17,27.20,11.30,33.00,915.77
2020-08-18,19.20,15.20,65.25,918.22
2020-08-19,21.10,8.10,43.96,919.05
2020-08-20,22.20,8.80,42.12,916.55
2020-08-21,22.30,14.00,37.04,919.40
2020-08-22,23.20,7.60,34.29,917.66
2020-08-23,25.10,8.30,33.88,915.95
2020-08-24,27.90,13.90,31.17,913.23
2020-08-25,25.60,18.70,36.62,919.10
2020-08-26,21.00,15.50,51.33,920.57
2020-08-27,14.00,14.80,86.88,923.92
2020-08-28,17.70,7.50,59.58,925.11
2020-08-29,20.00,10.20,41.71,922.21
2020-08-30,20.70,7.70,50.75,921.05
2020-08-31,23.80,10.30,41.04,920.47
2020-09-01,21.50,7.90,54.83,922.45
2020-09-02,24.40,7.20,44.83,922.40
2020-09-03,21.10,14.00,58.79,923.44
2020-09-04,22.90,18.70,33.12,924.99
2020-09-05,20.70,6.80,42.88,921.62
2020-09-06,20.50,17.40,39.46,919.29
2020-09-07,16.10,12.00,40.08,926.50
2020-09-08,14.90,9.20,46.83,925.04
2020-09-09,17.50,8.00,37.71,924.42
2020-09-10,16.10,8.70,38.67,924.74
2020-09-11,17.30,9.00,35.17,923.40
2020-09-12,19.60,24.80,36.92,924.10
2020-09-13,17.80,8.80,42.25,927.21
2020-09-14,18.40,6.90,45.67,922.55
2020-09-15,20.00,10.20,35.83,922.08
2020-09-16,20.50,6.50,32.46,919.15
2020-09-17,17.40,15.00,39.96,920.42
2020-09-18,11.90,12.60,58.71,929.56
2020-09-19,11.70,9.50,53.71,929.89
2020-09-20,14.90,10.60,47.79,923.27
2020-09-21,18.00,8.60,26.12,922.79
2020-09-22,16.30,14.10,40.17,925.41
2020-09-23,15.00,8.00,45.92,925.18
2020-09-24,15.80,10.20,36.33,923.87
2020-09-25,12.40,10.90,40.96,925.06
2020-09-26,9.00,6.90,39.71,925.35
2020-09-27,7.10,7.30,61.71,925.56
2020-09-28,8.30,9.70,50.08,928.44
2020-09-29,8.30,6.40,45.62,930.47
2020-09-30,8.70,10.80,45.46,926.60
2020-10-01,9.00,8.20,48.79,928.35
2020-10-02,9.90,7.40,48.21,926.83
2020-10-03,13.10,8.00,46.88,927.11
2020-10-04,13.60,5.90,38.96,927.82
2020-10-05,13.80,11.20,33.04,926.08
2020-10-06,6.80,14.80,60.17,930.82
2020-10-07,4.90,8.10,55.88,932.60
2020-10-08,9.90,9.30,31.79,929.51
2020-10-09,7.20,8.40,55.58,934.26
2020-10-10,5.80,5.80,60.79,936.48
2020-10-11,7.10,6.80,49.67,935.05
2020-10-12,9.80,6.50,33.88,933.66
2020-10-13,10.20,10.90,34.12,932.98
2020-10-14,10.60,6.90,40.12,931.21
2020-10-15,12.10,7.70,39.04,931.22
2020-10-16,13.00,6.10,38.25,929.67
2020-10-17,13.40,6.50,31.62,926.70
2020-10-18,13.60,9.20,28.88,930.61
2020-10-19,13.40,14.30,23.21,932.46
2020-10-20,13.70,12.40,26.46,922.01
2020-10-21,16.10,8.90,17.04,923.50
2020-10-22,12.30,17.30,30.92,925.23
2020-10-23,4.80,6.90,78.96,927.10
2020-10-24,5.20,6.20,67.12,933.32
2020-10-25,7.50,4.80,51.38,932.99
2020-10-26,9.50,10.90,33.62,927.20
2020-10-27,11.90,11.20,32.96,920.45
2020-10-28,4.10,10.60,69.50,929.66
2020-10-29,2.60,9.00,59.62,939.90
2020-10-30,4.30,8.20,51.67,937.35
2020-10-31,5.70,6.60,45.83,932.81
2020-11-01,7.40,6.50,40.62,929.28
2020-11-02,8.90,7.00,26.17,928.80
2020-11-03,9.90,10.10,26.83,930.87
2020-11-04,6.00,11.10,40.96,933.79
2020-11-05,4.30,12.90,53.33,932.53
2020-11-06,6.20,13.80,42.71,927.35
2020-11-07,8.10,7.00,18.88,925.38
2020-11-08,12.60,19.40,19.58,921.09
2020-11-09,4.80,15.10,61.92,932.41
2020-11-10,3.30,9.70,62.33,929.26
2020-11-11,5.60,11.30,51.79,922.78
2020-11-12,4.80,13.70,65.54,927.05
2020-11-13,-0.30,14.80,79.54,931.25
2020-11-14,-0.70,15.10,72.00,926.95
2020-11-15,-0.20,10.90,67.50,929.28
2020-11-16,-0.40,13.60,57.12,929.92
2020-11-17,-7.70,19.10,62.00,934.08
2020-11-18,-7.80,19.10,63.08,930.05
2020-11-19,-8.70,15.00,70.79,935.48
2020-11-20,-9.20,18.50,76.46,936.65
2020-11-21,-7.90,21.50,65.83,932.05
2020-11-22,-8.20,19.10,74.50,926.25
2020-11-23,-6.80,9.80,78.29,931.38
2020-11-24,-6.50,9.10,76.38,929.77
2020-11-25,-4.70,14.60,60.50,928.98
2020-11-26,-2.00,10.60,53.83,931.85
2020-11-27,-0.60,10.50,61.83,927.65
2020-11-28,-0.60,17.70,75.54,933.21
2020-11-29,-4.50,10.30,86.58,942.10
2020-11-30,-8.30,10.80,87.42,939.53
2020-12-01,-7.80,18.10,77.50,933.35
2020-12-02,-2.40,10.90,48.71,930.92
2020-12-03,2.00,6.50,40.46,928.87
2020-12-04,0.20,6.60,66.04,928.45
2020-12-05,-3.60,7.20,88.71,930.80
2020-12-06,-5.30,15.60,83.21,931.73
2020-12-07,-5.90,14.10,80.29,928.34
2020-12-08,-7.90,18.10,83.17,931.46
2020-12-09,-5.10,13.20,74.83,931.64
2020-12-10,-5.20,9.80,69.67,932.27
2020-12-11,-7.40,13.70,79.46,933.51
2020-12-12,-9.70,16.10,78.08,932.52
2020-12-13,-10.20,17.40,73.67,933.64
2020-12-14,-9.20,12.60,79.38,934.30
2020-12-15,-9.40,11.80,80.83,935.95
2020-12-16,-10.30,14.10,79.29,936.42
2020-12-17,-9.20,14.40,73.58,935.59
2020-12-18,-6.80,9.90,49.00,931.28
2020-12-19,-3.20,9.70,35.33,924.93
2020-12-20,-2.70,9.10,72.50,930.55
2020-12-21,-7.80,12.20,92.29,936.67
2020-12-22,-10.40,14.20,71.12,931.71
2020-12-23,-11.70,16.90,68.88,927.38
2020-12-24,-10.30,14.20,70.04,923.09
2020-12-25,-6.00,13.00,62.83,921.35
2020-12-26,-5.70,9.70,68.17,924.42
2020-12-27,-8.80,9.10,76.38,934.91
2020-12-28,-9.80,21.10,72.08,934.25
2020-12-29,-7.40,22.30,72.04,932.33
2020-12-30,-8.50,14.00,74.12,934.06
2020-12-31,-9.10,12.60,83.75,936.48
2021-01-01,-8.30,8.40,81.00,934.76
2021-01-02,-12.10,16.60,72.92,936.42
2021-01-03,-15.30,19.10,71.33,936.79
2021-01-04,-14.70,24.40,70.71,935.25
2021-01-05,-12.00,21.30,67.08,930.16
2021-01-06,-12.80,15.30,68.96,931.96
2021-01-07,-12.80,13.70,73.67,934.71
2021-01-08,-11.70,8.80,77.25,938.30
2021-01-09,-10.50,7.90,62.08,939.94
2021-01-10,-8.10,18.80,52.42,933.42
2021-01-11,-1.90,12.10,37.79,924.29
2021-01-12,0.30,12.10,44.83,921.56
2021-01-13,-4.10,12.00,88.29,930.08
2021-01-14,-9.60,14.30,82.96,932.94
2021-01-15,-9.40,20.20,73.04,929.23
2021-01-16,-1.40,22.60,41.83,920.22
2021-01-17,0.80,13.00,35.92,919.82
2021-01-18,-2.00,18.00,51.54,914.38
2021-01-19,2.90,9.40,48.62,917.72
2021-01-20,1.90,10.80,64.25,924.35
2021-01-21,2.60,10.50,53.92,915.42
2021-01-22,-2.60,15.40,61.58,920.92
2021-01-23,-10.60,10.40,75.17,935.16
2021-01-24,-4.90,8.40,74.33,937.62
2021-01-25,-8.90,16.10,86.88,933.25
2021-01-26,-7.90,13.80,75.12,933.38
2021-01-27,-8.20,17.00,69.58,931.91
2021-01-28,-8.30,16.30,63.25,932.53
2021-01-29,-7.10,13.70,61.92,930.76
2021-01-30,-3.00,15.60,42.08,923.56
2021-01-31,1.40,10.70,28.17,917.92
2021-02-01,4.00,8.90,33.46,923.62
2021-02-02,4.50,6.40,64.54,932.05
2021-02-03,3.40,6.80,39.54,932.44
2021-02-04,4.10,7.10,37.79,928.36
2021-02-05,5.00,9.30,28.33,924.95
2021-02-06,5.90,8.00,17.17,920.95
2021-02-07,2.80,9.70,56.33,924.59
2021-02-08,4.60,10.80,60.29,918.81
2021-02-09,-1.30,13.80,94.04,925.48
2021-02-10,-2.20,13.80,80.08,927.97
2021-02-11,1.10,6.50,90.04,926.66
2021-02-12,2.20,8.60,79.62,926.47
2021-02-13,0.10,14.20,86.21,926.10
2021-02-14,1.70,8.40,65.12,928.35
2021-02-15,4.00,9.10,34.42,927.07
2021-02-16,6.30,8.60,13.83,925.60
2021-02-17,6.60,9.50,16.88,923.55
2021-02-18,7.90,14.50,16.04,919.71
2021-02-19,9.80,13.60,21.21,916.97
2021-02-20,2.00,8.80,90.21,929.94
2021-02-21,-0.40,11.40,90.58,929.58
2021-02-22,2.10,9.50,65.25,929.33
2021-02-23,0.70,10.40,75.21,920.97
2021-02-24,-0.60,15.80,78.50,918.80
2021-02-25,-10.10,24.40,65.33,931.10
2021-02-26,-13.30,11.40,61.88,933.77
2021-02-27,-9.70,10.10,54.71,928.97
2021-02-28,-4.00,8.30,46.83,927.90
2021-03-01,2.20,8.90,30.58,923.65
2021-03-02,5.30,11.40,38.67,922.55
2021-03-03,-0.10,8.90,90.17,927.32
2021-03-04,2.50,13.20,70.12,923.16
2021-03-05,0.40,13.20,82.50,930.90
2021-03-06,3.10,11.40,62.50,921.25
2021-03-07,4.50,9.70,56.62,920.81
2021-03-08,4.80,7.30,62.83,924.75
2021-03-09,6.50,8.60,64.92,923.56
2021-03-10,8.70,7.90,52.67,917.82
2021-03-11,2.20,11.30,74.33,925.52
2021-03-12,5.30,16.30,62.38,917.18
2021-03-13,0.80,27.70,75.62,918.54
2021-03-14,-3.00,30.00,74.54,922.72
2021-03-15,-4.90,17.30,66.00,931.40
2021-03-16,-4.40,17.00,57.12,930.66
2021-03-17,-4.40,8.30,61.00,933.42
2021-03-18,-1.40,13.60,49.71,934.71
2021-03-19,4.80,14.30,34.79,921.86
2021-03-20,7.10,14.30,37.75,916.08
2021-03-21,2.60,10.20,91.04,921.03
2021-03-22,7.30,18.20,70.54,921.32
2021-03-23,10.00,15.60,64.12,917.40
2021-03-24,6.00,12.60,68.46,926.31
2021-03-25,12.40,13.00,39.88,917.45
2021-03-26,11.90,11.30,71.12,918.25
2021-03-27,13.50,13.50,53.88,918.94
2021-03-28,8.40,15.40,81.62,916.34
2021-03-29,3.40,11.70,93.00,925.31
2021-03-30,1.80,7.30,89.71,931.48
2021-03-31,3.20,9.20,69.62,930.20
2021-04-01,0.20,13.70,90.75,930.48
2021-04-02,-1.00,9.40,67.33,934.18
2021-04-03,2.30,11.00,46.33,926.44
2021-04-04,7.70,14.80,43.62,915.81
2021-04-05,7.50,13.40,70.71,927.42
2021-04-06,7.60,11.70,68.04,928.77
2021-04-07,8.70,8.90,71.04,928.13
2021-04-08,11.30,8.70,51.96,927.81
2021-04-09,12.40,8.40,40.29,926.17
2021-04-10,14.30,8.80,33.96,924.79
2021-04-11,14.30,11.30,36.38,923.15
2021-04-12,15.10,9.00,41.88,924.70
2021-04-13,14.90,7.90,41.75,926.84
2021-04-14,10.70,9.80,55.50,925.90
2021-04-15,13.80,8.30,51.21,921.65
2021-04-16,15.70,12.70,48.29,922.13
2021-04-17,14.70,20.70,48.46,924.80
2021-04-18,13.90,12.20,47.33,924.65
2021-04-19,15.10,10.90,45.04,923.79
2021-04-20,13.40,8.10,46.92,918.08
2021-04-21,3.00,14.20,84.33,922.27
2021-04-22,2.00,9.70,74.67,935.08
2021-04-23,3.70,12.60,50.83,936.70
2021-04-24,4.00,12.60,41.42,931.22
2021-04-25,12.30,8.80,36.33,927.98
2021-04-26,16.50,14.30,44.12,929.23
2021-04-27,17.80,14.30,37.54,925.60
2021-04-28,20.00,9.70,32.67,922.82
2021-04-29,21.60,11.00,32.58,920.14
2021-04-30,23.30,19.40,31.75,918.50
2021-05-01,11.40,12.30,88.04,929.64
2021-05-02,12.60,10.60,69.71,926.20
2021-05-03,17.30,14.30,58.33,923.81
2021-05-04,17.80,10.50,48.79,920.51
2021-05-05,20.30,8.90,46.67,914.26
2021-05-06,22.20,12.80,51.38,919.23
2021-05-07,18.30,11.00,67.46,924.41
2021-05-08,19.50,7.00,62.42,924.54
2021-05-09,20.20,14.30,53.79,921.48
2021-05-10,17.40,6.80,73.00,921.63
2021-05-11,17.10,17.20,63.75,921.98
2021-05-12,13.40,13.70,59.96,924.98
2021-05-13,14.40,8.90,42.79,926.28
2021-05-14,12.10,16.20,56.21,925.53
2021-05-15,11.70,9.00,63.67,926.88
2021-05-16,13.80,8.70,49.88,926.92
2021-05-17,16.50,8.90,37.88,925.34
2021-05-18,18.30,8.10,35.25,920.58
2021-05-19,20.80,15.30,33.33,916.41
2021-05-20,17.60,20.40,58.79,920.54
2021-05-21,15.40,5.80,55.54,927.18
2021-05-22,17.50,7.40,39.08,927.10
2021-05-23,20.70,7.80,39.42,921.65
2021-05-24,22.30,10.10,37.42,920.55
2021-05-25,22.90,10.90,34.75,920.65
2021-05-26,23.90,10.10,31.04,917.66
2021-05-27,23.40,13.70,35.67,919.12
2021-05-28,23.90,11.20,35.00,921.60
2021-05-29,22.70,9.40,41.42,921.84
2021-05-30,23.80,10.80,32.08,921.33
2021-05-31,24.70,9.20,29.83,920.19
2021-06-01,25.40,11.90,24.08,918.05
2021-06-02,26.40,17.90,26.58,917.96
2021-06-03,26.20,14.70,29.21,919.38
2021-06-04,26.00,30.70,27.46,921.21
2021-06-05,25.10,17.70,36.33,921.17
2021-06-06,20.90,10.20,38.62,920.18
2021-06-07,25.60,15.90,31.88,915.88
2021-06-08,26.60,22.00,26.88,916.86
2021-06-09,25.60,16.70,27.04,918.78
2021-06-10,23.50,16.90,32.92,918.06
2021-06-11,21.50,17.70,40.75,918.22
2021-06-12,20.80,8.30,39.58,919.46
2021-06-13,17.00,10.70,34.17,922.58
2021-06-14,18.00,6.00,30.42,923.07
2021-06-15,19.60,8.90,30.67,920.18
2021-06-16,21.20,15.90,34.75,919.40
2021-06-17,24.00,15.80,31.71,919.09
2021-06-18,24.10,16.50,31.79,918.18
2021-06-19,24.90,17.90,27.62,917.10
2021-06-20,16.80,10.00,55.33,922.95
2021-06-21,20.60,14.80,39.75,920.12
2021-06-22,19.20,15.50,50.58,922.68
2021-06-23,19.00,7.10,44.33,923.47
2021-06-24,21.80,19.70,39.25,918.96
2021-06-25,15.50,8.70,72.38,919.88
2021-06-26,19.10,8.30,48.00,919.86
2021-06-27,21.50,10.50,33.71,922.48
2021-06-28,24.20,8.40,37.25,920.02
2021-06-29,25.70,8.50,33.00,919.57
2021-06-30,26.20,7.50,28.46,919.36
2021-07-01,26.60,9.50,31.00,918.13
2021-07-02,27.60,9.90,30.62,916.02
2021-07-03,28.30,8.50,30.08,915.08
2021-07-04,28.60,19.40,31.25,915.26
2021-07-05,29.00,15.00,30.83,914.35
2021-07-06,28.80,18.80,27.71,915.41
2021-07-07,29.10,10.90,28.29,918.16
2021-07-08,30.10,10.70,24.88,918.03
2021-07-09,31.10,19.50,23.96,915.16
2021-07-10,27.30,17.80,39.75,914.51
2021-07-11,24.10,12.40,50.00,917.01
2021-07-12,24.90,9.80,38.58,917.16
2021-07-13,25.20,16.10,30.46,914.42
2021-07-14,22.60,12.40,51.29,916.69
2021-07-15,23.30,12.00,51.38,917.73
2021-07-16,20.50,10.90,63.67,922.01
2021-07-17,23.00,9.70,52.00,923.57
2021-07-18,24.50,13.60,37.38,918.82
2021-07-19,26.20,10.20,28.71,915.69
2021-07-20,26.90,11.20,26.62,912.40
2021-07-21,27.20,23.00,27.83,912.50
2021-07-22,26.60,10.50,35.04,912.75
2021-07-23,27.10,10.10,29.33,913.23
2021-07-24,29.00,9.10,27.50,916.78
2021-07-25,29.90,8.30,26.46,919.01
2021-07-26,30.80,9.90,23.58,916.97
2021-07-27,28.20,9.80,33.12,916.70
2021-07-28,25.80,11.90,35.21,915.40
2021-07-29,25.30,8.30,32.04,913.95
2021-07-30,21.70,14.50,42.71,919.97
2021-07-31,23.40,12.00,34.92,922.09
2021-08-01,24.60,10.30,30.75,918.34
2021-08-02,25.40,8.90,31.75,917.25
2021-08-03,27.10,16.30,24.46,917.92
2021-08-04,27.70,10.80,24.25,918.08
2021-08-05,27.40,10.10,26.71,918.47
2021-08-06,26.70,8.50,29.04,917.93
2021-08-07,26.70,8.90,28.21,919.38
2021-08-08,27.50,17.70,24.17,919.10
2021-08-09,27.50,20.90,25.71,917.35
2021-08-10,24.70,10.70,34.17,920.40
2021-08-11,25.80,10.10,30.88,918.81
2021-08-12,27.30,19.60,29.92,917.59
2021-08-13,22.10,14.60,52.08,918.80
2021-08-14,19.00,11.40,62.25,918.34
2021-08-15,16.00,9.80,75.29,919.32
2021-08-16,16.10,12.90,71.33,924.17
2021-08-17,18.80,7.30,53.50,924.68
2021-08-18,21.40,9.20,45.54,921.39
2021-08-19,22.50,20.50,43.62,919.58
2021-08-20,23.50,10.20,41.25,921.21
2021-08-21,22.70,10.00,45.21,922.03
2021-08-22,23.50,10.40,39.21,921.89
2021-08-23,25.60,9.70,32.54,920.76
2021-08-24,25.40,11.90,34.12,921.12
2021-08-25,24.90,12.40,31.42,920.41
2021-08-26,25.10,11.20,27.08,918.07
2021-08-27,25.10,22.80,30.96,917.79
2021-08-28,24.40,16.60,33.42,918.02
2021-08-29,24.10,10.80,29.00,917.04
2021-08-30,24.20,15.00,27.71,917.93
2021-08-31,24.20,20.90,29.08,918.81
2021-09-01,22.20,12.40,34.75,922.84
2021-09-02,22.00,10.90,31.00,920.42
2021-09-03,20.90,10.60,43.71,919.95
2021-09-04,22.70,9.80,30.62,921.47
2021-09-05,24.90,6.80,18.29,923.07
2021-09-06,27.30,7.70,20.21,922.98
2021-09-07,27.00,8.20,22.96,922.63
2021-09-08,26.70,9.40,24.46,922.17
2021-09-09,22.30,12.70,32.33,922.94
2021-09-10,15.20,11.00,64.50,923.69
2021-09-11,18.00,7.70,53.12,921.83
2021-09-12,18.90,8.00,42.00,922.50
2021-09-13,19.10,10.40,31.46,923.16
2021-09-14,19.70,8.00,37.58,923.64
2021-09-15,21.50,9.00,32.29,922.49
2021-09-16,22.40,13.20,28.17,921.39
2021-09-17,22.50,7.80,24.96,919.70
2021-09-18,24.50,9.40,20.12,919.55
2021-09-19,24.40,9.60,26.50,920.54
2021-09-20,16.20,9.80,39.46,925.04
2021-09-21,15.40,11.00,32.50,922.46
2021-09-22,15.40,8.70,33.04,921.98
2021-09-23,16.40,8.40,32.17,922.44
2021-09-24,13.00,9.00,34.54,926.22
2021-09-25,13.10,12.50,34.00,926.15
2021-09-26,18.80,8.30,22.62,920.52
2021-09-27,20.00,19.10,27.79,920.05
2021-09-28,17.20,10.30,47.04,922.48
2021-09-29,17.90,8.70,38.58,922.54
2021-09-30,18.00,11.90,39.12,923.93
2021-10-01,8.60,11.50,78.96,926.58
2021-10-02,3.70,12.60,87.75,932.13
2021-10-03,7.70,8.60,60.62,929.94
2021-10-04,9.70,8.90,49.62,928.07
2021-10-05,8.10,11.20,57.92,925.67
2021-10-06,-0.90,9.90,88.08,933.07
2021-10-07,0.00,9.20,64.54,935.64
2021-10-08,2.70,14.40,59.04,932.61
2021-10-09,7.00,15.00,54.88,926.00
2021-10-10,6.80,17.00,73.08,928.60
2021-10-11,7.90,8.00,57.88,931.89
2021-10-12,5.40,9.20,75.79,935.19
2021-10-13,4.40,18.30,67.21,933.45
2021-10-14,8.00,14.40,51.17,928.27
2021-10-15,10.00,9.30,52.25,927.92
2021-10-16,10.60,6.00,51.25,926.18
2021-10-17,10.80,6.50,52.71,927.30
2021-10-18,9.10,10.10,60.04,923.80
2021-10-19,11.40,10.60,57.54,921.44
2021-10-20,12.40,10.60,46.29,922.43
2021-10-21,12.30,16.60,49.21,922.06
2021-10-22,2.40,15.80,85.54,934.90
2021-10-23,3.80,9.30,74.50,938.11
2021-10-24,4.80,11.30,62.96,930.87
2021-10-25,8.20,19.20,47.67,921.65
2021-10-26,9.90,9.90,32.71,923.63
2021-10-27,10.80,9.50,42.33,928.65
2021-10-28,9.50,7.30,51.71,928.62
2021-10-29,6.80,8.70,76.88,933.08
2021-10-30,6.70,9.80,79.21,935.79
2021-10-31,8.10,13.00,52.25,934.71
2021-11-01,6.90,5.80,56.96,934.95
2021-11-02,7.70,9.80,43.08,928.83
2021-11-03,4.00,14.20,55.54,926.31
2021-11-04,-10.60,11.70,60.79,937.35
2021-11-05,-10.60,14.20,58.67,943.25
2021-11-06,-5.10,22.60,46.25,937.64
2021-11-07,-4.30,17.30,52.21,932.53
2021-11-08,-1.40,16.40,52.58,929.79
2021-11-09,2.60,7.60,40.29,931.32
2021-11-10,2.80,9.00,48.58,929.74
2021-11-11,3.70,7.60,44.75,929.06
2021-11-12,6.30,6.50,34.54,929.28
2021-11-13,5.90,6.70,42.33,928.10
2021-11-14,4.80,8.00,55.71,924.39
2021-11-15,1.00,9.80,78.42,930.54
2021-11-16,0.20,16.00,61.88,920.63
2021-11-17,2.10,22.10,45.50,922.67
2021-11-18,-4.20,14.10,61.12,933.60
2021-11-19,-3.90,12.20,61.29,936.80
2021-11-20,-2.90,25.50,50.71,928.26
2021-11-21,3.40,11.40,20.38,921.28
2021-11-22,6.00,9.70,25.21,926.57
2021-11-23,7.00,6.70,29.58,926.56
2021-11-24,6.70,6.10,28.71,923.74
2021-11-25,7.10,9.20,27.79,921.21
2021-11-26,-0.40,16.50,89.33,933.75
2021-11-27,-4.20,10.30,75.17,939.78
2021-11-28,-2.30,14.80,45.58,929.96
2021-11-29,0.90,8.70,29.50,928.47
2021-11-30,3.10,7.90,23.33,927.72
2021-12-01,5.10,7.20,24.67,925.44
2021-12-02,4.70,9.70,24.17,921.77
2021-12-03,8.30,11.70,20.25,923.34
2021-12-04,3.50,9.40,66.33,927.81
2021-12-05,1.70,13.40,72.25,923.66
2021-12-06,2.20,8.60,81.46,926.96
2021-12-07,2.70,9.40,74.67,929.01
2021-12-08,3.30,7.70,77.25,933.35
2021-12-09,-3.70,12.00,87.17,940.67
2021-12-10,-4.30,18.30,60.46,936.08
2021-12-11,0.30,17.60,26.38,927.20
2021-12-12,3.60,9.10,23.75,928.20
2021-12-13,1.20,6.20,45.75,929.62
2021-12-14,-1.20,6.40,71.50,933.40
2021-12-15,-1.60,7.20,81.04,937.99
2021-12-16,-3.20,8.80,85.67,938.33
2021-12-17,-0.70,12.20,54.50,930.98
2021-12-18,3.60,7.90,22.96,924.10
2021-12-19,5.80,8.90,18.50,919.12
2021-12-20,4.50,11.00,59.17,925.61
2021-12-21,3.40,8.30,49.54,925.33
2021-12-22,3.90,14.80,35.71,916.81
2021-12-23,4.30,10.90,49.54,923.32
2021-12-24,1.40,14.10,78.25,928.51
2021-12-25,1.40,12.10,75.71,923.49
2021-12-26,-0.70,10.20,69.71,924.65
2021-12-27,-1.30,8.40,88.46,934.75
2021-12-28,-4.10,13.00,88.29,934.01
2021-12-29,-1.50,10.60,57.12,928.58
2021-12-30,-4.10,13.90,52.92,928.51
2021-12-31,-2.90,17.00,52.54,927.04
2022-01-01,2.70,7.30,29.71,923.88
2022-01-02,1.50,7.10,45.17,923.00
2022-01-03,1.70,9.00,48.04,914.73
2022-01-04,2.80,11.70,54.71,915.09
2022-01-05,0.60,10.80,80.17,921.58
2022-01-06,-0.50,13.40,81.83,923.82
2022-01-07,0.20,8.40,73.29,931.02
2022-01-08,-1.50,16.40,88.92,929.26
2022-01-09,-2.10,11.50,86.21,929.53
2022-01-10,-3.80,14.70,90.29,932.29
2022-01-11,-3.20,14.20,79.67,928.55
2022-01-12,1.10,7.60,35.79,921.99
2022-01-13,1.60,8.70,38.29,920.35
2022-01-14,1.50,9.80,47.17,920.24
2022-01-15,3.00,11.80,44.04,914.67
2022-01-16,5.70,19.30,44.88,915.60
2022-01-17,1.80,12.80,88.75,920.83
2022-01-18,-0.40,9.10,91.04,923.62
2022-01-19,0.10,15.90,85.96,918.13
2022-01-20,0.00,13.20,82.08,925.92
2022-01-21,-3.10,14.70,83.17,917.65
2022-01-22,-1.60,5.50,53.04,923.26
2022-01-23,-3.20,10.80,67.54,927.65
2022-01-24,-2.60,6.90,77.96,928.63
2022-01-25,-4.80,7.50,83.62,928.32
2022-01-26,-2.50,6.60,59.71,931.11
2022-01-27,-2.20,7.30,35.67,930.10
2022-01-28,-4.20,11.70,53.17,921.00
2022-01-29,-0.10,7.90,51.25,924.57
2022-01-30,-0.60,4.90,79.50,928.40
2022-01-31,-2.40,6.70,62.33,926.23
2022-02-01,-2.90,8.70,70.58,928.35
2022-02-02,-3.40,15.80,62.25,925.15
2022-02-03,-1.00,6.50,50.04,932.13
2022-02-04,-2.90,9.20,65.67,929.96
2022-02-05,-2.00,11.10,46.29,920.37
2022-02-06,-1.20,12.00,36.04,913.07
2022-02-07,-0.20,8.60,93.92,927.92
2022-02-08,-3.20,9.70,93.67,925.25
2022-02-09,-2.50,9.20,81.50,926.20
2022-02-10,-2.70,9.40,82.88,929.92
2022-02-11,-3.00,10.70,71.71,926.79
2022-02-12,-0.20,9.50,71.92,925.87
2022-02-13,-4.00,12.30,80.71,926.88
2022-02-14,-2.00,12.60,78.33,923.62
2022-02-15,-3.70,10.40,82.00,932.47
2022-02-16,-7.30,9.40,91.38,932.85
2022-02-17,-9.60,9.80,81.54,933.37
2022-02-18,-8.10,22.10,64.12,928.46
2022-02-19,-3.60,14.80,51.42,926.89
2022-02-20,0.40,7.60,29.75,926.78
2022-02-21,1.60,8.30,36.88,923.50
2022-02-22,1.70,8.00,41.96,917.96
2022-02-23,4.60,10.70,32.50,925.49
2022-02-24,3.20,7.60,35.50,928.39
2022-02-25,4.30,7.20,39.17,929.92
2022-02-26,3.40,7.10,45.83,929.09
2022-02-27,3.00,7.40,53.08,927.61
2022-02-28,5.40,7.90,37.92,924.47
2022-03-01,6.10,7.90,55.62,926.22
2022-03-02,4.80,8.20,70.29,928.94
2022-03-03,4.90,8.40,74.38,927.90
2022-03-04,6.20,10.80,42.88,921.23
2022-03-05,7.50,16.30,53.50,915.77
2022-03-06,6.60,9.30,68.75,917.28
2022-03-07,3.70,12.60,83.58,919.34
2022-03-08,3.80,11.20,72.71,924.89
2022-03-09,3.70,15.60,79.75,917.16
2022-03-10,6.20,10.10,77.54,924.25
2022-03-11,6.80,10.80,74.62,916.79
2022-03-12,7.10,9.40,84.50,916.90
2022-03-13,8.90,13.00,78.12,921.48
2022-03-14,7.30,15.80,80.17,926.79
2022-03-15,1.90,15.50,98.25,926.55
2022-03-16,1.40,9.20,91.29,926.52
2022-03-17,3.50,16.60,86.33,918.06
2022-03-18,3.30,16.10,91.25,926.40
2022-03-19,-0.10,7.80,82.88,930.93
2022-03-20,0.30,9.80,80.29,929.70
2022-03-21,2.60,17.20,72.46,923.40
2022-03-22,1.30,15.40,89.04,924.88
2022-03-23,-0.70,10.70,93.58,926.66
2022-03-24,-0.70,10.60,83.88,931.08
2022-03-25,1.30,11.20,78.46,927.62
2022-03-26,8.20,12.80,68.83,916.38
2022-03-27,6.70,18.10,69.00,923.25
2022-03-28,6.00,13.00,74.04,925.49
2022-03-29,6.60,32.80,62.67,927.77
2022-03-30,3.30,11.50,67.71,939.66
2022-03-31,7.60,15.50,56.12,930.91
2022-04-01,11.90,8.20,44.29,925.58
2022-04-02,14.10,8.20,39.79,928.26
2022-04-03,13.90,11.30,44.46,928.87
2022-04-04,14.30,10.10,38.38,922.97
2022-04-05,16.20,9.00,36.96,923.54
2022-04-06,18.00,10.50,35.17,922.66
2022-04-07,19.50,38.60,42.25,921.39
2022-04-08,17.80,12.50,46.46,922.98
2022-04-09,13.50,12.20,72.38,920.64
2022-04-10,13.90,12.10,74.62,924.03
2022-04-11,15.30,11.60,61.42,921.21
2022-04-12,16.00,14.20,67.12,918.57
2022-04-13,16.00,9.00,60.88,920.68
2022-04-14,14.50,10.50,49.50,922.52
2022-04-15,15.30,8.10,43.71,923.41
2022-04-16,16.20,10.20,38.29,921.22
2022-04-17,18.10,13.50,34.38,920.35
2022-04-18,18.60,7.30,38.25,918.58
2022-04-19,18.70,15.10,45.17,921.87
2022-04-20,11.60,10.10,61.88,921.57
2022-04-21,12.30,4.90,60.75,922.86
2022-04-22,15.50,7.40,56.96,921.81
2022-04-23,17.60,18.30,46.38,920.64
2022-04-24,15.00,12.80,69.29,920.52
2022-04-25,12.30,8.70,72.25,922.72
2022-04-26,11.60,13.10,70.58,926.25
2022-04-27,11.30,11.20,72.29,926.05
2022-04-28,13.40,14.40,53.04,930.23
2022-04-29,16.20,15.30,38.83,923.97
2022-04-30,18.20,7.60,42.12,922.04
2022-05-01,19.90,15.00,44.83,917.54
2022-05-02,21.40,7.20,42.54,914.03
2022-05-03,20.10,16.60,51.17,914.96
2022-05-04,18.70,14.20,74.50,917.82
2022-05-05,15.90,9.80,84.62,922.38
2022-05-06,17.40,8.30,65.33,923.02
2022-05-07,18.40,8.60,64.58,924.83
2022-05-08,19.20,11.80,54.79,923.72
2022-05-09,17.30,10.00,60.08,919.03
2022-05-10,20.70,17.60,60.33,920.08
2022-05-11,15.50,9.80,86.50,925.56
2022-05-12,17.00,6.40,65.83,923.92
2022-05-13,18.40,9.40,56.75,920.32
2022-05-14,16.10,12.20,76.71,921.99
2022-05-15,14.80,9.70,74.92,926.72
2022-05-16,16.50,6.50,64.58,922.64
2022-05-17,18.50,5.50,55.12,919.09
2022-05-18,19.10,19.10,53.21,919.03
2022-05-19,18.30,10.50,66.38,924.35
2022-05-20,18.30,11.80,57.83,920.84
2022-05-21,18.20,16.60,67.25,915.11
2022-05-22,14.40,16.50,78.17,920.08
2022-05-23,10.70,13.60,72.83,924.65
2022-05-24,15.40,12.20,74.71,917.55
2022-05-25,20.00,18.00,70.04,919.50
2022-05-26,21.80,12.20,49.46,920.29
2022-05-27,22.30,11.00,45.58,916.95
2022-05-28,16.60,15.10,66.42,923.15
2022-05-29,12.80,6.80,79.12,927.82
2022-05-30,14.20,7.50,71.62,924.87
2022-05-31,14.80,14.50,72.71,923.38
2022-06-01,18.10,12.40,59.92,922.17
2022-06-02,17.50,12.40,67.58,923.28
2022-06-03,18.30,10.80,68.17,920.88
2022-06-04,16.00,18.60,67.54,923.10
2022-06-05,18.40,10.80,45.21,922.52
2022-06-06,19.50,7.10,51.00,921.26
2022-06-07,21.00,10.50,47.46,920.73
2022-06-08,22.30,9.40,44.25,918.57
2022-06-09,23.30,20.90,45.12,916.31
2022-06-10,23.50,14.70,45.50,915.38
2022-06-11,23.10,22.10,48.79,916.73
2022-06-12,23.10,24.30,50.12,915.92
2022-06-13,21.50,16.70,60.62,918.04
2022-06-14,22.40,10.50,53.50,919.89
2022-06-15,21.00,15.00,52.33,918.37
2022-06-16,21.10,11.60,51.38,918.44
2022-06-17,21.70,8.60,41.38,918.08
2022-06-18,20.90,18.70,45.08,918.27
2022-06-19,21.60,13.80,39.50,916.59
2022-06-20,22.70,15.40,38.92,912.99
2022-06-21,21.80,11.10,50.83,915.92
2022-06-22,24.10,10.00,51.96,914.47
2022-06-23,24.80,14.90,50.38,916.35
2022-06-24,21.30,16.50,69.54,919.87
2022-06-25,23.70,9.10,54.33,919.35
2022-06-26,25.80,8.70,43.17,916.76
2022-06-27,27.70,15.30,36.25,916.16
2022-06-28,26.60,10.50,38.12,917.43
2022-06-29,27.50,17.10,34.71,914.89
2022-06-30,28.40,25.80,34.38,912.89
2022-07-01,24.60,20.50,40.71,918.28
2022-07-02,24.20,20.10,33.50,916.92
2022-07-03,25.40,8.90,32.12,914.55
2022-07-04,28.70,19.10,32.75,911.10
2022-07-05,20.00,10.00,60.29,918.61
2022-07-06,23.60,13.00,41.62,919.73
2022-07-07,22.80,16.60,46.50,920.45
2022-07-08,22.30,11.90,48.96,919.96
2022-07-09,23.10,12.00,42.46,917.58
2022-07-10,24.00,10.50,37.29,915.65
2022-07-11,22.90,19.50,41.50,916.55
2022-07-12,22.70,15.50,39.08,918.85
2022-07-13,22.50,12.60,41.21,921.12
2022-07-14,22.90,10.20,36.71,921.92
2022-07-15,24.60,10.00,32.75,919.32
2022-07-16,26.80,9.50,27.29,919.04
2022-07-17,28.60,15.50,22.46,917.91
2022-07-18,26.30,14.60,34.04,918.93
2022-07-19,24.10,12.60,41.54,921.09
2022-07-20,25.60,13.00,31.21,921.11
2022-07-21,28.00,9.00,30.38,916.06
2022-07-22,29.70,9.40,25.67,914.70
2022-07-23,29.90,9.80,27.58,913.24
2022-07-24,28.90,12.30,32.42,914.13
2022-07-25,28.00,9.20,32.54,917.75
2022-07-26,28.60,8.60,29.46,917.49
2022-07-27,31.10,20.90,25.29,917.42
2022-07-28,28.30,18.70,37.67,917.28
2022-07-29,26.40,19.50,40.38,917.95
2022-07-30,22.30,15.20,56.58,918.35
2022-07-31,23.70,9.70,44.62,916.06
2022-08-01,23.90,8.20,39.00,916.16
2022-08-02,25.40,10.20,34.79,916.21
2022-08-03,24.70,12.40,40.96,918.12
2022-08-04,23.70,14.20,46.67,920.13
2022-08-05,25.10,11.20,41.50,919.26
2022-08-06,24.60,14.50,42.71,917.63
2022-08-07,23.80,12.10,45.58,916.36
2022-08-08,24.40,12.00,45.58,916.95
2022-08-09,24.40,10.50,47.42,917.58
2022-08-10,23.20,13.60,50.33,918.60
2022-08-11,24.10,13.20,41.83,919.70
2022-08-12,24.00,13.70,44.92,921.80
2022-08-13,24.20,8.20,38.08,922.45
2022-08-14,26.30,11.30,34.42,919.50
2022-08-15,27.30,9.20,31.50,916.82
2022-08-16,23.70,12.70,34.38,919.28
2022-08-17,21.00,10.10,30.04,921.08
2022-08-18,20.70,8.50,27.67,919.91
2022-08-19,21.00,13.90,30.17,920.78
2022-08-20,16.00,14.70,39.04,921.62
2022-08-21,16.00,7.00,36.38,924.13
2022-08-22,18.20,14.50,30.54,924.15
2022-08-23,19.60,8.40,30.62,921.86
2022-08-24,21.10,8.30,30.96,922.96
2022-08-25,19.80,7.80,41.08,923.41
2022-08-26,19.00,16.20,48.21,924.82
2022-08-27,19.90,8.10,36.46,924.85
2022-08-28,21.50,8.70,28.17,923.10
2022-08-29,20.40,12.30,36.71,924.98
2022-08-30,21.30,13.00,35.08,925.62
2022-08-31,21.90,10.10,26.75,924.82
2022-09-01,22.60,10.50,24.58,924.60
2022-09-02,23.20,12.70,21.04,926.30
2022-09-03,23.60,9.20,23.75,925.99
2022-09-04,23.60,9.30,27.58,922.15
2022-09-05,24.50,8.00,29.21,917.62
2022-09-06,26.10,18.50,24.38,916.84
2022-09-07,26.80,11.30,23.33,920.78
2022-09-08,25.00,11.60,30.29,923.14
2022-09-09,21.20,9.50,39.33,925.26
2022-09-10,24.40,11.60,34.58,921.11
2022-09-11,19.20,19.90,47.04,920.31
2022-09-12,16.30,9.30,41.92,926.18
2022-09-13,16.10,7.40,43.92,926.03
2022-09-14,15.00,11.20,49.25,924.41
2022-09-15,13.40,8.70,39.46,923.99
2022-09-16,15.90,7.50,37.46,920.01
2022-09-17,18.00,9.00,36.88,920.88
2022-09-18,19.90,7.80,33.50,923.82
2022-09-19,20.30,10.70,37.00,923.45
2022-09-20,21.00,9.30,35.92,921.77
2022-09-21,21.80,15.10,36.54,921.46
2022-09-22,22.20,20.10,37.25,922.83
2022-09-23,21.30,14.90,33.21,922.70
2022-09-24,20.90,9.50,28.08,921.01
2022-09-25,21.40,7.40,27.00,920.65
2022-09-26,22.60,12.50,23.83,922.65
2022-09-27,19.30,13.80,35.62,924.64
2022-09-28,16.20,10.30,37.25,922.99
2022-09-29,12.00,10.00,46.04,922.95
2022-09-30,6.80,8.60,47.71,925.44
2022-10-01,4.00,8.30,36.29,929.90
2022-10-02,7.30,11.50,36.83,927.37
2022-10-03,11.20,12.10,45.04,923.01
2022-10-04,13.90,8.30,49.92,927.16
2022-10-05,12.60,6.40,65.17,932.07
2022-10-06,13.20,7.90,48.12,931.38
2022-10-07,15.50,7.80,42.29,928.08
2022-10-08,16.80,8.80,32.83,927.35
2022-10-09,14.60,8.10,31.46,929.62
2022-10-10,9.00,8.90,46.71,933.92
2022-10-11,9.90,9.60,42.00,930.20
2022-10-12,12.50,9.70,33.12,925.14
2022-10-13,14.70,7.60,20.04,926.94
2022-10-14,15.80,6.10,20.12,928.53
2022-10-15,16.70,7.10,26.54,927.64
2022-10-16,16.30,8.70,30.38,927.04
2022-10-17,13.50,9.70,43.96,929.21
2022-10-18,9.20,10.70,86.54,928.31
2022-10-19,8.20,11.50,79.92,927.42
2022-10-20,8.50,11.30,57.71,933.62
2022-10-21,10.40,11.50,42.46,926.45
2022-10-22,13.70,8.00,32.58,924.66
2022-10-23,9.60,12.00,65.92,930.85
2022-10-24,5.20,9.20,84.12,929.00
2022-10-25,6.30,10.20,81.50,923.72
2022-10-26,8.90,25.40,65.67,925.43
2022-10-27,7.60,12.60,77.04,931.78
2022-10-28,4.60,10.80,76.04,933.44
2022-10-29,5.20,10.70,69.42,928.76
2022-10-30,8.40,20.10,64.75,923.80
2022-10-31,8.00,6.10,76.75,929.23
2022-11-01,7.40,8.20,71.62,925.74
2022-11-02,9.20,12.60,44.92,920.69
2022-11-03,7.30,7.10,93.75,927.19
2022-11-04,8.20,11.90,83.75,921.00
2022-11-05,9.40,8.40,72.62,926.43
2022-11-06,7.90,6.70,80.75,924.61
2022-11-07,7.40,12.00,87.67,921.86
2022-11-08,4.40,11.30,86.25,927.89
2022-11-09,0.50,7.30,81.33,936.32
2022-11-10,1.80,6.50,67.96,934.27
2022-11-11,2.20,7.40,58.50,932.28
2022-11-12,2.80,9.70,55.79,933.79
2022-11-13,2.30,6.00,45.21,926.11
2022-11-14,3.90,12.00,40.79,918.99
2022-11-15,3.40,10.70,62.75,919.34
2022-11-16,1.20,16.90,92.75,924.19
2022-11-17,-2.10,13.10,79.04,933.00
2022-11-18,-1.30,20.30,64.50,923.36
2022-11-19,3.00,9.50,62.29,923.87
2022-11-20,6.70,17.60,75.58,927.15
2022-11-21,5.20,13.10,82.83,928.18
2022-11-22,5.60,7.90,84.38,926.60
2022-11-23,3.90,7.50,96.08,928.85
2022-11-24,4.80,8.40,86.21,924.64
2022-11-25,8.10,9.40,56.29,922.20
2022-11-26,-1.30,14.20,91.29,930.79
2022-11-27,-11.90,15.50,59.67,935.83
2022-11-28,-12.80,14.70,63.75,932.01
2022-11-29,-6.80,16.10,67.04,931.32
2022-11-30,-2.30,12.20,67.17,927.89
2022-12-01,-1.70,23.00,80.92,928.26
2022-12-02,-3.90,8.10,76.33,931.08
2022-12-03,-6.10,12.50,76.42,928.90
2022-12-04,-6.70,11.90,75.00,930.65
2022-12-05,-7.40,14.80,79.04,932.23
2022-12-06,-7.10,10.20,84.79,933.95
2022-12-07,-6.90,15.50,87.29,931.37
2022-12-08,-6.50,14.20,80.17,930.18
2022-12-09,-8.80,13.70,84.83,935.19
2022-12-10,-13.70,14.40,79.92,939.72
2022-12-11,-11.40,20.70,61.25,936.68
2022-12-12,-10.00,19.90,62.83,932.57
2022-12-13,-8.00,18.00,54.92,930.83
2022-12-14,-6.00,14.80,47.38,931.10
2022-12-15,-7.40,15.50,52.04,932.32
2022-12-16,-0.20,12.30,39.62,929.92
2022-12-17,0.70,11.20,49.25,929.01
2022-12-18,-3.30,15.00,66.04,934.62
2022-12-19,-6.20,16.10,72.21,931.87
2022-12-20,-2.50,17.70,49.71,925.35
2022-12-21,0.20,11.20,48.38,926.89
2022-12-22,-5.50,7.20,83.50,934.69
2022-12-23,-8.70,12.00,83.12,937.79
2022-12-24,-9.70,18.30,77.33,934.20
2022-12-25,-9.00,17.80,66.46,928.71
2022-12-26,-6.90,16.50,56.67,926.82
2022-12-27,-0.20,8.70,32.75,927.58
2022-12-28,0.10,5.90,34.79,926.77
2022-12-29,-2.30,9.90,61.50,928.17
2022-12-30,-1.80,10.50,89.33,935.57
2022-12-31,-1.40,6.60,85.50,935.06
2023-01-01,-3.80,8.20,89.58,937.46
2023-01-02,-4.10,11.70,57.21,931.40
2023-01-03,-2.40,9.00,55.33,923.74
2023-01-04,-1.30,12.60,80.50,931.03
2023-01-05,0.60,10.70,60.54,925.75
2023-01-06,5.20,8.40,35.38,923.27
2023-01-07,0.30,11.20,81.46,923.52
2023-01-08,2.50,11.40,60.21,920.63
2023-01-09,1.10,11.00,90.38,925.52
2023-01-10,-4.60,13.30,94.33,927.10
2023-01-11,-12.40,9.80,83.46,937.37
2023-01-12,-19.50,9.00,74.42,947.51
2023-01-13,-22.30,19.00,64.71,944.40
2023-01-14,-20.90,16.50,65.42,942.24
2023-01-15,-18.50,18.90,59.46,938.56
2023-01-16,-14.20,18.60,54.00,934.80
2023-01-17,-13.60,13.20,63.04,933.86
2023-01-18,-13.00,20.60,61.25,932.76
2023-01-19,-11.30,16.90,59.25,930.85
2023-01-20,-11.60,14.30,55.71,933.80
2023-01-21,-9.70,10.80,58.04,937.07
2023-01-22,-11.70,17.60,68.58,937.55
2023-01-23,-10.20,26.60,64.50,931.20
2023-01-24,-9.90,11.10,65.29,930.88
2023-01-25,-10.30,10.00,67.29,933.71
2023-01-26,-10.50,18.20,67.71,933.55
2023-01-27,-9.00,16.40,64.21,932.41
2023-01-28,-8.40,17.70,62.00,926.36
2023-01-29,-5.70,12.00,60.25,923.30
2023-01-30,-6.10,14.10,68.83,921.93
2023-01-31,-2.40,12.50,56.33,924.11
2023-02-01,-3.10,14.00,65.92,922.63
2023-02-02,-2.80,16.80,71.50,917.46
2023-02-03,0.70,10.80,79.62,920.70
2023-02-04,-0.00,9.10,78.71,923.48
2023-02-05,0.90,11.50,68.96,922.82
2023-02-06,0.90,9.90,65.50,925.26
2023-02-07,-1.50,7.80,77.04,927.86
2023-02-08,-1.80,14.40,70.04,916.80
2023-02-09,0.00,9.80,60.12,911.28
2023-02-10,-5.50,10.80,77.67,925.51
2023-02-11,-8.20,11.80,68.33,929.74
2023-02-12,-5.80,10.50,62.71,936.45
2023-02-13,-7.40,21.70,70.83,927.40
2023-02-14,-6.00,12.60,69.00,926.73
2023-02-15,-2.50,8.70,59.00,926.07
2023-02-16,-4.30,16.00,91.38,924.24
2023-02-17,-2.50,10.90,88.08,925.31
2023-02-18,-0.30,6.90,96.83,930.81
2023-02-19,-1.30,9.80,92.67,928.76
2023-02-20,0.70,9.20,78.25,924.98
2023-02-21,2.20,8.30,52.29,923.68
2023-02-22,4.20,11.50,38.79,916.59
2023-02-23,5.60,11.80,59.21,922.60
2023-02-24,7.20,9.30,44.21,919.82
2023-02-25,1.20,17.70,83.38,929.44
2023-02-26,-6.00,15.30,89.08,940.36
2023-02-27,-4.00,13.70,73.71,935.50
2023-02-28,1.00,6.30,45.79,931.50
2023-03-01,6.10,7.30,17.38,927.53
2023-03-02,7.80,7.70,16.71,924.72
2023-03-03,9.30,12.20,26.21,924.38
2023-03-04,4.70,10.50,71.92,928.43
2023-03-05,8.90,13.00,56.50,922.30
2023-03-06,8.40,11.20,66.12,923.90
2023-03-07,9.90,11.30,57.58,922.82
2023-03-08,10.20,18.00,54.46,922.24
2023-03-09,3.40,10.20,89.25,932.12
2023-03-10,6.10,8.40,74.38,927.55
2023-03-11,12.00,14.20,49.75,921.16
2023-03-12,10.40,14.60,75.29,923.60
2023-03-13,5.10,10.90,92.29,930.10
2023-03-14,5.20,9.50,77.83,927.08
2023-03-15,8.50,10.90,46.62,924.99
2023-03-16,3.90,10.00,92.38,928.10
2023-03-17,3.20,10.10,80.04,924.01
2023-03-18,-2.60,6.60,77.83,924.32
2023-03-19,1.30,13.70,62.71,926.32
2023-03-20,0.70,10.40,69.08,923.84
2023-03-21,1.40,17.40,67.88,922.33
2023-03-22,4.30,12.10,68.79,920.46
2023-03-23,7.70,11.30,58.58,922.09
2023-03-24,8.70,8.30,57.46,922.93
2023-03-25,9.70,6.90,60.29,922.07
2023-03-26,12.70,12.00,37.38,922.82
2023-03-27,11.50,9.40,50.71,924.41
2023-03-28,11.40,10.50,52.08,920.08
2023-03-29,14.50,7.10,41.58,916.71
2023-03-30,11.90,11.20,71.92,920.10
2023-03-31,6.80,14.80,70.08,926.76
2023-04-01,1.60,12.50,54.67,927.44
2023-04-02,2.00,14.30,48.79,923.85
2023-04-03,5.20,14.00,51.38,922.99
2023-04-04,8.30,13.50,46.62,920.95
2023-04-05,12.60,8.20,44.25,921.83
2023-04-06,11.50,15.80,50.58,919.59
2023-04-07,11.40,28.40,64.42,919.38
2023-04-08,11.30,9.40,67.79,924.88
2023-04-09,11.50,18.70,70.58,925.25
2023-04-10,11.50,11.60,75.46,920.93
2023-04-11,9.70,16.10,77.29,926.39
2023-04-12,9.10,8.20,70.71,929.51
2023-04-13,12.00,13.00,45.38,925.71
2023-04-14,16.10,14.90,49.75,917.57
2023-04-15,14.50,16.60,61.38,918.21
2023-04-16,13.50,12.40,60.67,919.59
2023-04-17,9.80,19.10,70.33,920.83
2023-04-18,1.40,13.70,88.17,934.73
2023-04-19,3.70,7.30,71.62,933.25
2023-04-20,6.30,6.10,59.67,926.92
2023-04-21,5.00,10.90,58.58,924.70
2023-04-22,6.50,11.50,45.75,927.84
2023-04-23,12.70,10.90,47.25,924.45
2023-04-24,15.80,11.00,49.79,923.45
2023-04-25,12.70,10.80,66.46,928.70
2023-04-26,11.90,10.50,55.29,927.94
2023-04-27,14.20,9.90,46.33,923.97
2023-04-28,16.50,12.40,41.42,919.64
2023-04-29,17.50,22.10,43.71,918.85
2023-04-30,17.10,21.00,48.50,918.32
2023-05-01,14.30,14.80,61.83,919.57
2023-05-02,9.70,9.10,46.79,923.50
2023-05-03,5.70,13.00,50.08,929.14
2023-05-04,5.00,7.40,42.67,930.60
2023-05-05,6.90,11.30,37.46,932.38
2023-05-06,10.00,16.60,39.29,925.25
2023-05-07,10.80,11.20,39.75,924.17
2023-05-08,13.80,10.70,37.38,925.17
2023-05-09,15.60,10.50,41.54,926.79
2023-05-10,17.60,13.00,38.46,925.63
2023-05-11,19.90,10.70,34.62,921.42
2023-05-12,20.70,10.60,41.21,922.58
2023-05-13,19.60,14.50,49.21,922.95
2023-05-14,18.80,20.90,50.38,920.08
2023-05-15,19.30,8.00,48.21,918.91
2023-05-16,18.80,9.70,51.67,918.91
2023-05-17,22.00,13.00,45.21,919.71
2023-05-18,16.20,16.20,67.12,922.18
2023-05-19,16.60,11.40,64.38,923.28
2023-05-20,17.50,18.00,58.62,922.24
2023-05-21,17.50,14.10,57.29,922.78
2023-05-22,15.60,13.70,75.08,923.75
2023-05-23,15.40,10.40,65.96,924.11
2023-05-24,15.10,9.90,48.04,924.53
2023-05-25,15.90,11.60,43.58,923.82
2023-05-26,16.20,12.70,40.04,923.14
2023-05-27,17.30,20.20,45.04,921.61
2023-05-28,15.90,14.50,60.25,923.78
2023-05-29,14.50,6.60,53.21,928.16
2023-05-30,16.50,6.50,47.75,927.21
2023-05-31,18.60,7.50,48.79,923.57
2023-06-01,17.40,10.80,47.08,921.27
2023-06-02,19.00,8.50,37.96,921.88
2023-06-03,19.70,21.10,43.42,920.55
2023-06-04,21.90,20.20,39.67,919.56
2023-06-05,23.20,17.00,38.33,919.09
2023-06-06,24.20,15.50,33.88,919.72
2023-06-07,24.70,19.60,34.62,921.02
2023-06-08,25.60,12.10,35.46,922.09
2023-06-09,26.30,11.60,33.88,918.38
2023-06-10,26.10,16.90,39.12,919.60
2023-06-11,23.30,13.10,54.50,919.45
2023-06-12,21.60,10.10,56.12,919.35
2023-06-13,22.20,17.70,48.67,916.29
2023-06-14,24.60,11.60,45.58,916.12
2023-06-15,22.40,9.50,36.79,916.55
2023-06-16,21.80,8.90,37.04,916.08
2023-06-17,23.70,9.20,34.75,915.37
2023-06-18,24.60,25.20,38.21,913.63
2023-06-19,26.20,27.40,31.04,912.02
2023-06-20,23.90,19.10,46.04,916.29
2023-06-21,23.10,19.00,48.29,917.57
2023-06-22,21.80,10.90,54.00,919.00
2023-06-23,23.60,11.70,45.83,919.99
2023-06-24,22.70,13.00,40.08,921.51
2023-06-25,21.30,19.00,51.33,919.50
2023-06-26,22.50,9.50,48.50,918.12
2023-06-27,24.70,16.30,33.67,913.75
2023-06-28,24.30,14.30,39.88,916.90
2023-06-29,21.20,8.80,41.38,920.97
2023-06-30,20.90,8.90,39.17,918.83
2023-07-01,23.10,11.90,30.08,919.50
2023-07-02,26.10,11.30,29.83,918.10
2023-07-03,26.40,21.10,32.33,918.98
2023-07-04,25.50,21.20,32.58,917.23
2023-07-05,22.30,17.90,50.04,916.99
2023-07-06,21.70,13.70,49.79,916.79
2023-07-07,22.00,11.50,54.46,918.92
2023-07-08,21.20,9.40,58.62,920.93
2023-07-09,21.70,8.40,52.50,920.45
2023-07-10,22.60,12.10,42.62,920.70
2023-07-11,24.10,6.80,37.04,921.98
2023-07-12,26.60,7.40,35.92,921.46
2023-07-13,29.90,8.70,30.96,918.92
2023-07-14,31.30,19.30,24.25,917.80
2023-07-15,28.20,10.20,31.83,919.82
2023-07-16,27.10,5.70,32.21,918.96
2023-07-17,28.80,11.40,34.21,918.77
2023-07-18,29.20,9.80,34.17,917.20
2023-07-19,30.90,12.50,28.83,916.92
2023-07-20,27.20,12.50,38.88,920.90
2023-07-21,25.40,21.30,55.08,920.71
2023-07-22,26.90,8.40,42.00,921.64
2023-07-23,28.40,9.50,33.00,919.23
2023-07-24,28.30,9.40,32.71,917.24
2023-07-25,29.60,7.50,30.04,916.01
2023-07-26,29.70,9.70,29.92,916.53
2023-07-27,29.80,14.60,29.33,915.40
2023-07-28,25.00,11.20,48.83,917.85
2023-07-29,26.40,9.30,40.21,916.50
2023-07-30,26.80,11.20,38.42,915.88
2023-07-31,27.10,16.00,33.71,916.80
2023-08-01,28.60,15.40,26.75,916.04
2023-08-02,27.70,17.00,33.12,917.03
2023-08-03,27.90,15.10,29.42,916.52
2023-08-04,28.70,9.90,28.96,916.54
2023-08-05,29.70,10.00,26.25,917.25
2023-08-06,28.30,23.20,29.04,915.62
2023-08-07,23.10,8.00,52.25,913.92
2023-08-08,23.50,18.00,47.42,915.27
2023-08-09,25.60,17.20,36.58,919.34
2023-08-10,27.90,13.60,29.12,918.92
2023-08-11,26.60,17.90,37.54,919.17
2023-08-12,21.00,18.40,59.04,921.30
2023-08-13,19.30,17.40,56.83,922.15
2023-08-14,15.90,7.60,58.83,925.45
2023-08-15,18.00,18.80,46.54,927.22
2023-08-16,20.40,6.90,35.12,925.38
2023-08-17,22.70,13.20,33.96,923.61
2023-08-18,23.20,10.90,38.83,922.72
2023-08-19,23.70,7.10,41.75,922.48
2023-08-20,24.90,8.10,38.96,921.83
2023-08-21,26.20,7.90,31.71,921.17
2023-08-22,25.70,11.80,34.62,919.75
2023-08-23,25.90,17.10,30.00,918.52
2023-08-24,25.80,14.40,29.67,916.88
2023-08-25,27.20,13.70,27.79,915.25
2023-08-26,26.00,13.00,35.12,915.17
2023-08-27,23.60,21.90,44.38,915.67
2023-08-28,16.80,8.40,70.75,921.39
2023-08-29,17.90,8.30,59.54,919.16
2023-08-30,22.80,10.20,39.17,916.10
2023-08-31,16.40,12.30,56.62,922.84
2023-09-01,16.40,10.10,53.92,923.48
2023-09-02,19.40,8.80,44.83,922.06
2023-09-03,21.40,6.20,40.75,919.21
2023-09-04,17.40,17.40,58.21,920.92
2023-09-05,18.00,7.70,45.12,925.71
2023-09-06,18.80,6.40,46.17,923.56
2023-09-07,19.50,5.40,45.58,921.95
2023-09-08,19.40,8.90,48.46,920.76
2023-09-09,21.60,28.20,43.33,921.29
2023-09-10,21.60,8.40,39.58,918.26
2023-09-11,25.60,34.20,39.62,916.63
2023-09-12,17.60,12.10,63.54,923.72
2023-09-13,17.60,9.80,54.88,924.17
2023-09-14,16.10,9.00,48.08,924.48
2023-09-15,12.50,9.00,85.71,924.47
2023-09-16,14.90,7.60,70.79,925.48
2023-09-17,15.70,7.60,59.58,923.56
2023-09-18,16.50,7.90,60.92,922.23
2023-09-19,17.90,7.20,57.50,921.82
2023-09-20,15.20,11.10,68.83,925.84
2023-09-21,16.30,8.70,52.58,927.36
2023-09-22,10.80,12.60,85.17,929.10
2023-09-23,13.10,5.90,54.79,931.33
2023-09-24,13.30,10.80,52.04,930.99
2023-09-25,11.80,6.00,53.42,929.67
2023-09-26,13.40,4.70,56.17,926.63
2023-09-27,15.80,6.40,52.92,925.92
2023-09-28,17.90,7.60,40.46,924.44
2023-09-29,17.20,7.00,41.29,924.25
2023-09-30,15.90,7.60,51.04,925.88
2023-10-01,15.30,6.80,45.92,923.12
2023-10-02,16.60,15.50,44.96,921.40
2023-10-03,14.70,8.40,51.88,925.31
2023-10-04,15.30,8.60,50.50,927.29
2023-10-05,16.70,10.50,45.33,925.38
2023-10-06,15.50,10.40,45.96,921.80
2023-10-07,15.90,12.30,67.71,926.54
2023-10-08,13.10,6.80,72.67,927.90
2023-10-09,14.40,9.70,54.33,928.49
2023-10-10,16.70,6.00,36.12,923.83
2023-10-11,19.10,10.60,33.79,928.04
2023-10-12,18.10,9.50,33.21,922.25
2023-10-13,10.20,18.40,74.67,928.93
2023-10-14,5.70,7.20,73.46,933.69
2023-10-15,6.40,7.90,69.83,929.77
2023-10-16,7.80,8.70,72.33,929.61
2023-10-17,9.60,14.70,60.92,923.62
2023-10-18,11.70,7.90,55.04,924.38
2023-10-19,13.10,7.60,50.04,928.87
2023-10-20,13.50,7.10,47.71,923.83
2023-10-21,14.40,10.60,44.50,925.17
2023-10-22,12.90,10.00,49.38,920.82
2023-10-23,11.00,10.10,77.00,927.21
2023-10-24,9.40,9.70,79.21,930.41
2023-10-25,11.70,7.30,49.88,923.26
2023-10-26,13.20,9.80,46.62,922.21
2023-10-27,9.10,9.80,92.38,928.28
2023-10-28,9.70,7.90,78.29,925.12
2023-10-29,14.30,12.50,50.29,923.45
2023-10-30,15.80,9.50,46.54,924.38
2023-10-31,10.30,14.60,71.58,926.92
2023-11-01,7.40,10.50,85.83,933.74
2023-11-02,6.80,9.30,77.58,935.69
2023-11-03,6.90,7.60,70.92,929.60
2023-11-04,7.20,13.60,70.79,924.24
2023-11-05,10.20,7.20,47.92,926.38
2023-11-06,4.70,10.00,81.46,928.03
2023-11-07,4.70,12.30,78.83,924.91
2023-11-08,8.70,9.70,62.42,921.10
2023-11-09,7.00,13.00,74.17,927.56
2023-11-10,5.10,6.50,83.62,934.03
2023-11-11,5.20,10.20,69.83,928.98
2023-11-12,5.50,11.80,61.17,931.93
2023-11-13,3.00,9.40,81.88,936.81
2023-11-14,1.80,13.90,74.88,936.29
2023-11-15,4.40,11.70,48.21,925.22
2023-11-16,7.30,7.80,32.67,923.76
2023-11-17,8.70,8.30,39.83,921.98
2023-11-18,12.10,9.10,39.04,919.74
2023-11-19,7.10,13.40,82.58,929.13
2023-11-20,5.90,11.60,83.04,930.88
2023-11-21,4.00,16.50,79.62,923.92
2023-11-22,8.00,15.90,51.62,918.39
2023-11-23,5.70,8.20,85.62,927.42
2023-11-24,4.60,11.10,69.29,920.39
2023-11-25,6.20,9.40,65.79,927.61
2023-11-26,5.30,12.50,74.50,926.75
2023-11-27,7.70,8.00,54.54,921.40
2023-11-28,8.20,7.10,45.38,920.58
2023-11-29,7.80,9.60,46.33,922.27
2023-11-30,5.50,9.90,82.92,931.43
2023-12-01,3.10,7.60,96.04,931.27
2023-12-02,5.40,7.10,77.75,928.13
2023-12-03,6.40,7.90,42.25,926.06
2023-12-04,6.70,8.60,73.00,931.30
2023-12-05,6.00,10.10,72.04,927.56
2023-12-06,9.60,9.20,46.46,922.87
2023-12-07,0.50,12.10,91.67,927.49
2023-12-08,-2.50,11.70,85.33,924.50
2023-12-09,-5.00,7.90,86.83,932.00
2023-12-10,-6.60,13.00,91.83,930.88
2023-12-11,-5.30,7.10,86.88,920.79
2023-12-12,-14.10,14.50,83.21,933.15
2023-12-13,-22.80,14.50,71.58,944.78
2023-12-14,-19.10,20.30,62.46,937.83
2023-12-15,-13.40,22.10,62.75,926.30
2023-12-16,-5.60,12.90,83.46,929.08
2023-12-17,-4.40,11.30,90.58,933.90
2023-12-18,-3.10,9.80,72.08,929.18
2023-12-19,-0.40,15.50,71.04,929.12
2023-12-20,-2.30,10.10,87.12,935.21
2023-12-21,-3.70,10.90,84.29,937.60
2023-12-22,-2.90,21.00,70.96,925.70
2023-12-23,2.70,16.40,37.96,919.18
2023-12-24,5.00,7.40,37.62,920.60
2023-12-25,2.50,9.70,61.29,920.92
2023-12-26,2.70,17.70,76.33,924.02
2023-12-27,1.40,17.30,84.58,924.25
2023-12-28,2.00,11.80,82.17,927.15
2023-12-29,3.00,16.70,68.12,922.90
2023-12-30,-3.40,7.90,88.17,933.93
2023-12-31,-2.70,6.50,77.17,930.66
2024-01-01,-0.10,8.00,60.46,925.45
2024-01-02,3.10,12.00,48.17,925.99
2024-01-03,-3.10,11.90,91.58,928.56
2024-01-04,-1.70,12.10,71.00,921.10
2024-01-05,3.10,7.90,48.42,921.35
2024-01-06,2.10,11.30,56.25,922.73
2024-01-07,2.50,8.50,51.17,922.11
2024-01-08,3.40,8.30,72.79,925.25
2024-01-09,3.90,8.50,75.83,922.25
2024-01-10,5.90,9.80,54.21,915.30
2024-01-11,0.70,22.30,87.67,918.30
2024-01-12,-3.40,13.80,80.96,925.97
2024-01-13,1.80,14.50,64.50,914.20
2024-01-14,3.30,11.50,61.92,919.93
2024-01-15,-5.20,15.50,93.75,927.48
2024-01-16,-6.80,12.00,89.21,928.45
2024-01-17,-8.40,12.60,87.04,930.83
2024-01-18,-9.90,16.20,74.42,929.20
2024-01-19,-2.90,11.40,55.88,928.58
2024-01-20,-7.30,10.40,89.50,932.68
2024-01-21,-10.80,10.60,84.92,933.58
2024-01-22,-10.30,13.50,81.17,931.21
2024-01-23,-3.50,12.40,59.17,928.92
2024-01-24,-1.90,7.20,66.79,927.92
2024-01-25,-1.10,9.30,67.38,921.02
2024-01-26,-3.10,11.80,86.83,929.02
2024-01-27,-6.30,15.00,87.83,928.90
2024-01-28,-5.10,15.10,87.25,922.10
2024-01-29,-5.50,16.70,87.46,921.05
2024-01-30,-1.00,9.20,84.54,926.90
2024-01-31,-4.00,6.50,91.58,927.85
2024-02-01,-6.20,10.00,87.54,926.42
2024-02-02,-5.30,10.10,75.83,930.96
2024-02-03,-7.30,14.70,71.00,919.50
2024-02-04,-4.10,12.00,67.71,923.96
2024-02-05,-3.80,4.70,58.58,925.67
2024-02-06,-3.00,9.40,61.67,921.12
2024-02-07,-2.40,11.10,69.08,916.12
2024-02-08,0.40,12.40,78.75,927.79
2024-02-09,1.50,10.10,67.04,926.38
2024-02-10,3.50,9.00,54.33,923.12
2024-02-11,5.40,11.40,40.33,922.05
2024-02-12,-1.90,11.00,90.00,931.58
2024-02-13,-4.00,7.90,81.96,932.48
2024-02-14,1.60,7.30,59.67,927.30
2024-02-15,7.10,9.70,47.33,917.33
2024-02-16,-4.80,11.60,82.42,925.01
2024-02-17,-21.00,15.60,72.21,936.36
2024-02-18,-18.70,18.10,73.96,925.14
2024-02-19,-20.00,16.60,75.92,926.75
2024-02-20,-18.10,15.30,73.79,930.02
2024-02-21,-11.90,12.10,78.38,930.22
2024-02-22,-6.90,8.00,74.58,929.50
2024-02-23,-4.60,14.20,75.96,928.58
2024-02-24,-7.00,10.30,92.67,932.72
2024-02-25,-9.20,8.20,87.79,933.72
2024-02-26,-10.20,8.70,85.08,932.36
2024-02-27,-8.90,8.40,83.50,934.51
2024-02-28,-8.50,13.70,82.25,933.48
2024-02-29,-7.30,14.80,78.17,928.92
2024-03-01,-6.40,18.90,82.96,923.51
2024-03-02,-4.00,8.10,79.50,922.90
2024-03-03,-3.50,7.60,90.62,926.17
2024-03-04,-4.20,8.60,79.21,929.44
2024-03-05,-4.40,7.20,79.00,928.18
2024-03-06,-0.90,10.10,66.38,922.63
2024-03-07,2.60,8.40,42.46,923.64
2024-03-08,4.00,10.10,50.12,924.38
2024-03-09,4.40,11.90,49.75,920.55
2024-03-10,5.40,8.00,62.71,924.98
2024-03-11,4.50,9.70,85.17,926.18
2024-03-12,5.60,13.30,65.08,918.94
2024-03-13,0.10,9.00,94.75,928.42
2024-03-14,0.00,20.20,80.17,930.67
2024-03-15,-5.00,9.70,84.62,938.82
2024-03-16,-1.50,10.00,68.62,936.04
2024-03-17,1.50,15.10,58.67,929.24
2024-03-18,7.60,7.30,36.21,925.88
2024-03-19,9.30,9.70,38.46,925.28
2024-03-20,8.30,11.80,71.29,917.83
2024-03-21,7.40,19.30,83.50,914.03
2024-03-22,8.10,11.00,81.67,921.33
2024-03-23,7.90,10.10,77.04,922.97
2024-03-24,10.70,8.00,53.21,924.07
2024-03-25,12.30,12.30,56.88,927.96
2024-03-26,12.30,11.60,48.25,919.74
2024-03-27,15.70,11.50,38.46,921.32
2024-03-28,14.30,20.30,73.12,921.53
2024-03-29,9.10,16.40,65.88,922.20
2024-03-30,6.10,14.30,79.83,924.67
2024-03-31,3.70,10.50,78.29,933.93
2024-04-01,6.20,12.90,63.25,929.40
2024-04-02,8.50,7.70,54.67,924.62
2024-04-03,11.10,8.20,48.00,925.51
2024-04-04,10.00,6.80,54.75,925.76
2024-04-05,11.20,9.10,58.21,922.81
2024-04-06,11.70,17.10,59.92,920.96
2024-04-07,9.60,9.90,71.79,928.68
2024-04-08,12.80,9.00,42.08,925.16
2024-04-09,10.40,21.70,60.88,925.02
2024-04-10,10.40,10.10,53.67,927.26
2024-04-11,13.30,9.20,59.79,921.14
2024-04-12,9.40,11.50,79.46,921.50
2024-04-13,9.50,9.30,79.42,917.89
2024-04-14,14.50,7.10,63.42,921.05
2024-04-15,14.20,10.90,65.88,919.27
2024-04-16,11.30,10.00,91.21,926.09
2024-04-17,12.00,6.10,73.08,929.96
2024-04-18,12.50,9.20,60.92,926.05
2024-04-19,15.00,6.70,62.50,920.97
2024-04-20,16.50,9.40,62.58,919.31
2024-04-21,13.40,8.70,64.58,921.72
2024-04-22,16.40,9.20,60.04,921.58
2024-04-23,16.60,9.80,52.50,921.88
2024-04-24,15.70,13.70,58.04,920.65
2024-04-25,15.10,14.20,66.67,919.97
2024-04-26,9.80,9.50,79.25,922.49
2024-04-27,7.70,9.20,59.42,922.28
2024-04-28,7.10,6.90,80.08,925.62
2024-04-29,11.70,6.20,69.58,926.36
2024-04-30,14.10,8.30,58.58,924.43
2024-05-01,14.60,19.60,55.62,921.84
2024-05-02,13.70,15.80,62.29,921.54
2024-05-03,17.00,8.20,51.00,915.14
2024-05-04,19.60,6.60,54.96,913.24
2024-05-05,18.70,16.30,65.04,914.50
2024-05-06,15.80,8.20,79.92,925.69
2024-05-07,18.00,8.70,61.42,925.94
2024-05-08,19.70,6.10,52.50,923.23
2024-05-09,21.20,9.90,54.62,918.95
2024-05-10,18.90,14.00,59.25,920.34
2024-05-11,15.00,10.70,82.08,925.95
2024-05-12,15.00,6.40,78.50,926.83
2024-05-13,17.20,6.40,68.50,923.99
2024-05-14,19.70,9.10,54.29,921.88
2024-05-15,22.10,8.70,50.38,920.41
2024-05-16,21.20,15.90,61.29,924.95
2024-05-17,17.80,6.30,80.38,923.08
2024-05-18,18.70,20.40,72.17,917.65
2024-05-19,19.10,13.70,69.67,920.56
2024-05-20,13.10,9.20,82.42,925.96
2024-05-21,14.50,9.90,75.62,926.53
2024-05-22,15.70,6.00,71.83,926.48
2024-05-23,15.40,7.40,70.46,924.56
2024-05-24,17.80,17.70,74.29,918.65
2024-05-25,19.60,12.30,65.75,921.26
2024-05-26,9.80,19.20,77.50,928.42
2024-05-27,13.40,10.40,63.92,926.58
2024-05-28,17.00,12.10,50.79,923.04
2024-05-29,15.60,5.50,57.42,924.64
2024-05-30,17.30,7.40,50.62,925.36
2024-05-31,18.80,7.60,45.83,927.29
2024-06-01,19.30,6.90,44.79,924.15
2024-06-02,20.90,18.50,42.04,921.39
2024-06-03,18.60,17.50,55.29,922.71
2024-06-04,18.00,7.20,55.25,925.23
2024-06-05,19.30,6.80,40.17,923.50
2024-06-06,20.20,12.40,45.00,920.98
2024-06-07,22.10,11.40,40.25,920.21
2024-06-08,23.30,9.20,36.00,919.95
2024-06-09,23.40,8.70,42.21,919.06
2024-06-10,24.30,16.10,42.71,919.76
2024-06-11,23.90,12.50,45.50,920.58
2024-06-12,22.00,16.10,52.42,920.50
2024-06-13,19.30,12.60,58.54,919.27
2024-06-14,19.60,12.80,57.08,918.76
2024-06-15,21.70,8.90,46.17,918.55
2024-06-16,23.60,6.60,46.33,919.47
2024-06-17,23.40,9.40,43.96,919.55
2024-06-18,23.30,18.80,48.50,920.24
2024-06-19,22.40,7.70,57.29,920.43
2024-06-20,23.60,8.60,54.12,917.66
2024-06-21,26.10,15.10,45.46,913.90
2024-06-22,24.50,13.80,48.29,915.97
2024-06-23,25.30,16.30,47.33,916.28
2024-06-24,24.90,13.00,46.25,918.78
2024-06-25,25.00,7.90,49.38,919.57
2024-06-26,26.10,11.90,44.54,915.91
2024-06-27,28.00,9.50,38.38,914.77
2024-06-28,28.90,16.90,33.71,915.35
2024-06-29,25.80,23.60,46.21,917.26
2024-06-30,23.90,14.30,52.50,915.22
2024-07-01,22.40,12.00,63.88,915.17
2024-07-02,19.40,22.20,65.42,916.41
2024-07-03,21.30,6.90,47.33,917.80
2024-07-04,23.30,9.90,45.08,916.20
2024-07-05,21.50,15.00,55.67,914.42
2024-07-06,21.80,13.30,51.46,913.17
2024-07-07,23.70,11.60,41.92,912.63
2024-07-08,22.10,12.90,61.58,916.62
2024-07-09,23.10,19.70,53.54,920.08
2024-07-10,23.90,11.00,49.67,921.02
2024-07-11,22.90,9.50,51.04,919.44
2024-07-12,24.30,10.40,42.21,913.97
2024-07-13,24.20,13.20,44.79,912.71
2024-07-14,25.30,16.50,45.92,912.51
2024-07-15,24.20,11.90,52.29,915.44
2024-07-16,22.30,7.00,62.33,918.00
2024-07-17,24.00,9.40,50.04,917.42
2024-07-18,22.70,16.60,57.88,916.45
2024-07-19,24.20,16.30,45.38,914.83
2024-07-20,24.70,19.80,46.42,915.61
2024-07-21,25.80,5.70,43.46,916.94
2024-07-22,25.90,7.40,39.08,916.65
2024-07-23,27.30,16.90,40.46,914.28
2024-07-24,27.00,11.00,42.25,913.25
2024-07-25,27.30,11.50,36.46,911.56
2024-07-26,28.40,9.60,37.33,913.35
2024-07-27,29.20,9.10,35.88,915.38
2024-07-28,29.60,10.00,38.88,916.56
2024-07-29,28.70,11.10,39.67,915.87
2024-07-30,29.10,17.40,35.21,916.72
2024-07-31,26.60,6.80,44.12,918.72
2024-08-01,27.70,6.80,37.25,914.31
2024-08-02,28.90,13.90,35.17,913.62
2024-08-03,28.30,17.40,32.00,915.24
2024-08-04,27.80,13.50,31.04,915.64
2024-08-05,28.70,8.60,31.25,917.44
2024-08-06,25.60,11.20,39.58,917.60
2024-08-07,26.00,8.20,32.92,917.65
2024-08-08,27.10,7.80,31.33,917.87
2024-08-09,29.00,28.90,31.12,915.04
2024-08-10,27.20,21.60,40.04,918.13
2024-08-11,24.20,9.40,50.92,919.62
2024-08-12,25.30,9.80,38.00,919.02
